model_name,lit__title,lit__year,lit__journal,lit__doi,lit__volume,lit__issue,lit__data_linked,lit__code_linked,lit__training_set,casf__year,casf__n_complexes,casf__target,casf__target_unit,casf__target_normalized,reported__pearson_r,availability_type,link,license,last_commit_date,has_readme,install_instructions,explicit_versions,environment_file,install_script,preprocessing_scripts,inference_scripts,training_scripts,pretrained_weights,notebook,example_input_data,example_intermediate_data,example_output_predictions,study_fork__link,study_fork__changes_summary,data_repo__link,data_repo__doi,data_repo__license,data_repo__description,env__python_version,env__conda_env_name,env__conda_env_file,env__cuda_toolkit,env__hardware,repro__status,repro__troubleshooting_time,repro__failure_notes,repro__checkpoint_used,repro__pearson_r,repro__notes,barrier__no_public_code,barrier__web_server_only,barrier__supplementary_only,barrier__missing_weights,barrier__missing_preprocessing_code,barrier__missing_inference_code,barrier__missing_environment_spec,barrier__notebook_only,barrier__time_limit_reached,failure__missing_weights,failure__missing_preprocessing_code,failure__missing_inference_code,failure__missing_environment_spec,failure__broken_dependencies,failure__hard_coded_paths,failure__runtime_error,failure__incorrect_results,failure__undocumented_data_format,failure__hardware_incompatibility,failure__checkpoint_ambiguity
aescore,Learning protein-ligand binding affinity with atomic environment vectors,2021,Journal of Cheminformatics,https://doi.org/10.1186/s13321-021-00536-w,13,59,yes,yes,PDBbind v.2016 refined,2016,285,pK,,,0.83,github,https://github.com/RMeli/aescore,BSD-3-Clause,2022-03-24,True,True,True,True,False,True,True,True,True,False,,,,https://github.com/jeavesj/aescore,Fixed `conda env create` command typo in README; added SLURM batch submission script (`batch_predict.sb`) and a utility to merge per-complex prediction CSVs (`merge_predictions.py`).,https://doi.org/10.5281/zenodo.4155365,https://doi.org/10.5281/zenodo.4155365,CC BY 4.0,structures and results,3.12.12,ael-test,https://github.com/jeavesj/aescore/blob/master/devtools/conda-envs/ael-test.yaml,12.4,MSU HPCC amd20-V100,"Runnable, not reproducible",2-4h,Unclear which pretrained model weight files should have been used,https://doi.org/10.5281/zenodo.4155365 (experiments/CASF-2016-consensus-nohetatm-PH/out),0.694,,False,False,False,False,False,False,False,False,False,False,False,False,False,False,False,False,False,False,False,True
BAPA,Binding affinity prediction for protein–ligand complex using deep attention mechanism based on intermolecular interactions,2021,BMC Bioinformatics,https://doi.org/10.1186/s12859-021-04466-0,22,542,partial,yes,PDBbind v.2016 refined,2016,285,pK,,,0.819,github,https://github.com/Blue1993/BAPA,,2021-07-22,True,False,True,False,False,False,True,True,True,True,partial,partial,partial,,,,,,,,,,,,Not attempted,,,,,,False,False,False,False,True,False,False,False,False,False,True,False,False,False,False,False,False,False,False,False
CGraphDTA,Fusion-Based Deep Learning Architecture for Detecting Drug-Target Binding Affinity Using Target and Drug Sequence and Structure,2023,IEEE Journal of Biomedical and Health Informatics,10.1109/JBHI.2023.3315073,27,12,no,no,PDBbind v.2019 general,2016,285,pK,,,0.824,github,https://github.com/CSUBioGroup/CGraphDTA,GPL-3.0,2024-05-16,True,True,True,True,False,False,True,True,True,False,yes,yes,no,,,,,,,,,,,,Not attempted,,,,,,False,False,False,False,True,False,False,False,False,False,True,False,False,False,False,False,False,False,False,False
ConBAP,Enhancing Generalizability in Protein–Ligand Binding Affinity Prediction with Multimodal Contrastive Learning,2024,Journal of Chemical Information and Modeling,10.1021/acs.jcim.3c01961,64,6,yes,yes,PDBbind v.2016 general,2016,285,pK,,,0.864,github,https://github.com/ld139/ConBAP,MIT,2024-07-11,True,False,True,False,False,True,True,True,True,False,partial,no,no,https://github.com/jeavesj/ConBAP,Added conda environment file and SLURM batch script for MSU HPCC; replaced hardcoded paths with argparse CLI arguments in `dataset_ConBAP.py` and `predict.py`; added per-sample preprocessing and inference timing written to CSV; fixed pocket selection term suffixes (`_protein`/`_ligand`); added fallback handling for alternate ligand file formats and missing protein files; added RDKit valence error workarounds; added `compile_outputs.py` to merge timing CSVs into a combined output.,https://doi.org/10.5281/zenodo.10532671,https://doi.org/10.5281/zenodo.10532671,CC BY 4.0,processed training data,,,,,,"Runnable, not reproducible",2-4h,Preprocessing bugs likely culprits for irreproducibility... had to add fallbacks for RDKit errors.,https://github.com/jeavesj/ConBAP/blob/main/supervised/model/20231007_111336_ConBAP_repeat0/model/epoch-292%2C%20train_loss-0.1220%2C%20train_rmse-0.3493%2C%20valid_rmse-1.1663%2C%20valid_pr-0.7788.pt,0.424,,False,False,False,False,False,False,False,False,False,False,False,False,False,False,False,False,False,False,False,False
CPIScore,CPIScore: A Deep Learning Approach for Rapid Scoring and Interpretation of Protein–Ligand Binding Interactions,2024,Journal of Chemical Information and Modeling,https://doi.org/10.1021/acs.jcim.4c01175,64,23,partial,yes,PDBbind v.2019 general,2016,285,pK,,,0.74,github,https://github.com/liang2508/CPIScore,,2024-12-23,True,False,False,False,False,True,False,True,False,False,no,no,no,,,,,,,,,,,,Not attempted,,,,,,False,False,False,True,False,True,True,False,False,True,False,True,True,False,False,False,False,True,False,False
CurvAGN,CurvAGN: Curvature-based Adaptive Graph Neural Networks for Predicting Protein-Ligand Binding Affinity,2023,BMC Bioinformatics,https://doi.org/10.1186/s12859-023-05503-w,24,378,partial,yes,PDBbind v.2016 general,2016,285,pK,,,0.831,github,https://github.com/tumancao/CurvAGN,,2023-06-28,False,False,False,False,False,True,True,True,False,False,,,,,,,,,,,,,,,Not attempted,,,,,,False,False,False,True,False,False,True,False,False,True,False,False,True,False,False,False,False,False,False,False
DAAP,Distance plus attention for binding affinity prediction,2024,Journal of Cheminformatics,https://doi.org/10.1186/s13321-024-00844-x,16,52,partial,yes,PDBbind v.2016 general,2016,285,pK,,,0.886,gitlab,https://gitlab.com/mahnewton/daap,MIT,2023-11-20,True,False,True,False,False,False,True,False,True,False,partial,partial,no,,,,,,,,,,,,Not attempted,,,,,,False,False,False,False,True,False,False,False,False,False,True,False,False,False,False,False,False,False,False,True
DEAttentionDTA,DEAttentionDTA: protein–ligand binding affinity prediction based on dynamic embedding and self-attention,2024,Bioinformatics,https://doi.org/10.1093/bioinformatics/btae319,40,6,no,yes,PDBbind v.2020 general,2016,285,pK,,,0.845,github,https://github.com/whatamazing1/DEAttentionDTA,MIT,2024-03-16,True,True,True,True,False,True,True,True,True,False,partial,no,partial,https://github.com/jeavesj/DEAttentionDTA,Replaced all hardcoded Windows paths with argparse CLI parameters across all preprocessing and test scripts; fixed fragile whitespace-based PDB parsing with fixed-width column extraction in `get_protein.py` and `get_pocket.py`; added chain-ID fallback in `get_pocket.py`; added NaN-safe affinity handling in `Dataset.py`; added per-complex prep and inference time logging to `data_pre-code.py` and `test.py`; added per-fold and ensemble-average prediction output in `test.py`; added conda environment file.,,,,,3.9.12,pytorch,https://github.com/jeavesj/DEAttentionDTA/blob/main/msu_hpcc_amd24-h200_environment.yml,11.3.1,MSU HPCC amd24-H200,Statistically reproduced,2-4h,,https://github.com/jeavesj/DEAttentionDTA/tree/main/src/model,0.819,,False,False,False,False,False,False,False,False,False,False,False,False,False,False,False,False,False,False,False,False
DeepBindGCN,DeepBindGCN: Integrating Molecular Vector Representation with Graph Convolutional Neural Networks for Protein–Ligand Interaction Prediction,2023,Molecules,https://www.mdpi.com/1420-3049/28/12/4691,28,12,partial,yes,PDBbind v.2019 general,2016,285,pK,,,0.75,github,https://github.com/haiping1010/DeepBindGCN,Apache-2.0,2023-04-07,True,True,False,False,False,True,True,False,False,False,partial,partial,partial,,,,,,,,,,,,Not attempted,,,,,,False,False,False,True,False,False,False,False,False,True,False,False,False,False,False,False,False,True,False,False
DeepTGIN,DeepTGIN: a novel hybrid multimodal approach using transformers and graph isomorphism networks for protein-ligand binding affinity prediction,2024,Journal of Cheminformatics,https://doi.org/10.1186/s13321-024-00938-6,16,147,partial,yes,PDBbind v.2020 general,2016,285,pK,,,0.834,github,https://github.com/zhc-moushang/DeepTGIN,,2026-01-04,True,False,True,True,False,True,False,True,False,False,no,partial,,,,,,,,,,,,,Not attempted,,,,,,False,False,False,True,False,True,False,False,False,True,False,False,False,False,False,False,False,False,False,False
delta_LinF9_XGB,Delta Machine Learning to Improve Scoring-Ranking-Screening Performances of Protein–Ligand Scoring Functions,2022,Journal of Chemical Information and Modeling,10.1021/acs.jcim.2c00485,62,11,no,yes,PDBbind v.2016 and CSAR decoy set,2016,285,pK,,,0.845,github,https://github.com/cyangNYU/delta_LinF9_XGB,GPL-3.0,2022-06-06,True,True,True,False,False,True,True,True,True,True,partial,no,no,,,,,,,3.8.20,delta_LinF9_XGB,https://github.com/jeavesj/delta_LinF9_XGB/blob/main/msu_hpcc_amd24-h200_environment.yml,,MSU HPCC amd24-H200,Statistically reproduced,2-4h,,https://github.com/jeavesj/delta_LinF9_XGB/tree/main/saved_model,0.84,,False,False,False,False,False,False,False,False,False,False,False,False,False,False,False,False,False,False,False,False
Dowker,Dowker complex based machine learning (DCML) models for protein-ligand binding affinity prediction,2022,PLoS computational biology,https://doi.org/10.1371/journal.pcbi.1009943,18,4,partial,yes,PDBbind v.2016 refined,2016,285,pK,,,0.843,github,https://github.com/LiuXiangMath/Dowker-Complex-Based-ML,Apache-2.0,2022-12-12,True,False,True,True,False,False,True,False,False,False,no,no,no,,,,,,,,,,,,Not attempted,,,,,,False,False,False,True,True,False,False,False,False,True,True,False,False,False,False,False,False,True,False,False
Dynaformer,From Static to Dynamic Structures: Improving Binding Affinity Prediction with Graph-Based Deep Learning,2024,Advanced Science,https://doi.org/10.1002/advs.202405404,11,40,yes,partial,PDBbind general,2016,285,pK,pK units,pK_unspecified,0.827,github,https://github.com/Minys233/Dynaformer,MIT,2024-06-29,True,True,True,True,True,True,True,True,True,False,,,,https://github.com/jeavesj/Dynaformer,"Fixed a typo in the pocket-graph assertion (`pro_coord` vs `pro_feat`), added safe handling for empty edge index tensors, added an `rdkit_pdb2sdf()` utility to avoid OpenBabel atom-reordering; added a full conda environment file and SLURM submission scripts.",https://onedrive.live.com/?id=7C358E1E6AF36B1F%214900&#38;resid=7C358E1E6AF36B1F%214900&#38;ithint=folder&#38;e=B1E53d&#38;migratedtospo=true&#38;redeem=aHR0cHM6Ly8xZHJ2Lm1zL2YvcyFBaDlyODJvZWpqVjhwaVFIcV9xQWllaW9fODZ6P2U9QjFFNTNk&#38;cid=7c358e1e6af36b1f&#38;v=validatepermission,,,"MD trajectories, scripts for MD simulation and preprocessed data for Dynaformer",3.9,dynaformer,https://github.com/jeavesj/Dynaformer/blob/main/dynaformer_env.yml,11.3.1,MSU HPCC amd24-H200,Statistically reproduced,4-6h,,https://1drv.ms/f/s!Ah9r82oejjV8n0Bw4vAddMLBK-m-?e=95ciZv,0.824,,False,False,False,False,False,False,False,False,False,False,False,False,False,False,False,False,False,False,False,False
ECIF,Extended connectivity interaction features: improving binding affinity prediction through chemical description,2021,Bioinformatics,https://doi.org/10.1093/bioinformatics/btaa982,37,10,partial,yes,PDBbind v.2016 refined,2016,285,pK,,,0.866,github,https://github.com/DIFACQUIM/ECIF,MIT,2021-09-23,True,False,False,False,False,False,True,True,False,True,partial,no,no,,,,,,,,,,,,Not attempted,,,,,,False,False,False,True,True,False,True,False,False,True,True,False,True,False,False,False,False,True,False,False
egGNN,Edge-Gated Graph Neural Network for Predicting Protein-Ligand Binding Affinities,2021,IEEE International Conference on Bioinformatics and Biomedicine (BIBM),10.1109/BIBM52615.2021.9669846,,,no,no,PDB v.2019 refined,2016,285,pK,,,0.86,github,https://github.com/xfcui/egGNN,GPL-3.0,2022-06-20,True,True,True,True,False,True,True,True,True,False,no,no,no,https://github.com/jeavesj/egGNN,"Fixed SMILES input in `egGNN_pipeline.py` to read from a file path instead of accepting a raw string; patched PyTorch/DGL compatibility in `run_egGNN()` (added missing `approximate` attribute on GELU layers and `_size` on ParameterList modules); added `--out_csv` arg, per-complex timing, and skip-if-already-done logic to `run_egGNN.py`; added SLURM batch script for CASF-2016 inference; added conda environment file and a README note about SMILES generation.",,,,,3.10.19,eggnn,https://github.com/jeavesj/egGNN/blob/master/msu_hpcc_amd24-h200_environment.yml,12.1,MSU HPCC amd24-H200,"Runnable, not reproducible",2-4h,smiles parsing errors and no code for generating smiles from ligand structure files,https://github.com/jeavesj/egGNN/blob/master/egGNN/checkpoint/16-8596.sav,0.669,,False,False,False,False,True,False,False,False,False,False,True,False,False,False,False,False,False,False,False,False
EGNA,Leveraging scaffold information to predict protein–ligand binding affinity with an empirical graph neural network,2023,Briefings in Bioinformatics,https://doi.org/10.1093/bib/bbac603,24,1,partial,yes,PDBbind v.2016 general,2016,285,pK,,,0.842,github,https://github.com/chunqiux/EGNA,GPL-3.0,2022-12-12,True,True,True,True,False,True,True,True,True,False,,,,https://github.com/jeavesj/EGNA,Added `--models_dir` argument to `predict.py` for configurable model weight paths; added `safe_copy_pdb()` to `raw_features.py` to strip alternate conformers and malformed PDB records causing Bio.PDB parse failures; made temp directory configurable via `EGNA_TMP_DIR` environment variable.,,,,,3.7.13,egna_env,https://github.com/jeavesj/EGNA/blob/main/egna_env.yml,,MSU HPCC amd24-H200,Statistically reproduced,2-4h,,https://github.com/jeavesj/EGNA/tree/main/models,0.826,,False,False,False,False,False,False,False,False,False,False,False,False,False,False,False,False,False,False,False,False
EHIGN-PLA,Interaction-Based Inductive Bias in Graph Neural Networks: Enhancing Protein-Ligand Binding Affinity Predictions From 3D Structures,2024,IEEE Transactions on Pattern Analysis and Machine Intellegence,https://doi.org/10.1109/TPAMI.2024.3400515,46,12,yes,yes,PDBbind v.2016 general,2016,285,pK,,,0.854,github,https://github.com/guaguabujianle/EHIGN_PLA,MIT,2024-05-16,True,False,True,True,False,True,True,True,True,False,,,,https://github.com/jeavesj/EHIGN_PLA,"Added a full conda environment file; refactored `generate_pocket()` to accept an explicit CSV of complex IDs and skip already-processed entries; added None-graph filtering in `collate_fn`, a guard against empty dataloaders, and per-inference timing throughout.",https://drive.google.com/file/d/1oGUP4z7htNXyxTqx95HNSDLsaoxa3fX7/view,,,preprocessed graphs,3.9,ehign_pla,https://github.com/jeavesj/EHIGN_PLA/blob/main/environment_jeavesj.yml,11.3,MSU HPCC amd24-H200,Statistically reproduced,2-4h,,https://github.com/jeavesj/EHIGN_PLA/blob/main/model/20230120_135757_EHIGN_repeat0/model/epoch-144%2C%20train_loss-0.5772%2C%20train_rmse-0.7598%2C%20valid_rmse-1.1799%2C%20valid_pr-0.7718.pt,0.851,,False,False,False,False,False,False,False,False,False,False,False,False,False,False,False,False,False,False,False,False
EISA-Score,EISA-Score: Element Interactive Surface Area Score for Protein–Ligand Binding Affinity Prediction,2022,Journal of Chemical Information and Modeling,10.1021/acs.jcim.2c00697,62,18,no,yes,PDBbind v.2016 refined,2016,285,pK,,,0.821,github,https://github.com/MathIntelligence/EISA-Score,GPL-3.0,2022-06-05,True,False,False,False,False,True,False,False,False,False,no,no,no,,,,,,,,,,,,Not attempted,,,,,,False,False,False,True,False,True,True,False,False,True,False,True,True,False,False,False,False,True,False,False
ET-Score,ET-score: Improving Protein-ligand Binding Affinity Prediction Based on Distance-weighted Interatomic Contact Features Using Extremely Randomized Trees Algorithm,2021,Molecular Informatics,https://doi.org/10.1002/minf.202060084,40,8,partial,yes,PDBbind v.2016 refined,2016,285,pK,,,0.827,github,https://github.com/miladrayka/ET_Score,GPL-3.0,2023-07-14,True,True,False,False,False,True,True,True,True,False,partial,no,no,https://github.com/jeavesj/ET_Score,Fixed Windows path separators and narrowed ligand glob pattern from `*.mol2` to `*_ligand.mol2` in `generate_feature.py`; fixed divide-by-zero by excluding zero-distances in two filter lambdas and sanitizing resulting infinities in `predict.py`; fixed sklearn import compatibility via `sys.modules` aliasing; added per-complex prep- and inference-time logging; switched output from Excel to CSV; added conda environment file.,https://figshare.com/articles/software/ET-Score/23684538,https://doi.org/10.6084/m9.figshare.23684538,CC BY 4.0,model weights,3.8.20,etscore_new,https://github.com/jeavesj/ET_Score/blob/master/msu_hpcc_amd24-h200_environment.yml,,MSU HPCC amd24-H200,"Runnable, not reproducible",2-4h,Bugs in featurization code throwing divide-by-zero issue for zero distances,https://figshare.com/articles/software/ET-Score/23684538,0.395,,False,False,False,False,False,False,False,False,False,False,False,False,False,False,False,False,False,False,False,False
FGNN,Ligand binding affinity prediction with fusion of graph neural networks and 3D structure-based complex graph,2023,Physical Chemistry Chemical Physics,https://doi.org/10.1039/D3CP03651K,25,,no,yes,PDBbind v.2016 general,2016,285,pK,,,0.873,github,https://github.com/LinaDongXMU/FGNN,MIT,2024-09-13,True,True,True,True,False,True,True,True,False,False,yes,yes,no,,,,,,,,,,,,Not attempted,,,,,,False,False,False,True,False,False,False,False,False,True,False,False,False,False,False,False,False,False,False,False
GB-Score,GB-score: Minimally designed machine learning scoring function based on distance-weighted interatomic contact features,2023,Molecular Informatics,https://doi.org/10.1002/minf.202200135,42,3,partial,yes,PDBbind v.2019 general,2016,285,pK,,,0.852,github,https://github.com/miladrayka/GB_Score,AGPL-3.0,2023-07-14,True,True,True,False,False,True,False,False,False,True,no,no,no,,,https://figshare.com/articles/dataset/GB-Score_Files/23684484?file=41562030,https://doi.org/10.6084/m9.figshare.23684484,CC BY 4.0,model weights,,,,,,Not attempted,,,,,,False,False,False,False,False,True,False,True,False,False,False,True,False,False,False,False,False,True,False,False
GCNN01,Enhancing protein-ligand binding affinity prediction through sequential fusion of graph and convolutional neural networks,2024,Journal of Computational Chemistry,https://doi.org/10.1002/jcc.27499,45,32,no,yes,PDBbind v.2020 general,2016,285,pK,,,0.772,github,https://github.com/IanYMY/GCNN,BSD-3-Clause,2024-09-02,True,False,True,False,False,False,True,True,False,False,no,no,no,,,,,,,,,,,,Not attempted,,,,,,False,False,False,True,True,False,False,False,False,True,True,False,False,False,False,False,False,True,False,False
GGL-Score,Geometric graph learning with extended atom-types features for protein-ligand binding affinity prediction,2023,Computers in Biology and Medicine,https://doi.org/10.1016/j.compbiomed.2023.107250,164,,no,yes,PDBbind v.2016 general,2016,285,pK,,,0.872,github,https://github.com/MathIntelligence/GGL-ETA-Score,GPL-3.0,2023-01-18,True,False,True,True,False,True,True,False,False,True,partial,no,no,,,,,,,,,,,,Not attempted,,,,,,False,False,False,True,False,False,False,False,False,True,False,False,False,False,False,False,False,False,False,False
GIaNt,GIaNt: Protein-Ligand Binding Affinity Prediction via Geometry-Aware Interactive Graph Neural Network,2024,IEEE Transactions on Knowledge and Data Engineering,https://doi.org/10.1109/TKDE.2023.3314502,36,5,no,yes,PDBbind v.2016 refined,2016,285,pK,,,0.814,github,https://github.com/PaddlePaddle/PaddleHelix/tree/dev/apps/drug_target_interaction/giant,CC BY-NC-SA 4.0,2023-07-26,True,False,True,False,False,True,False,True,False,False,,,,,,,,,,,,,,,Not attempted,,,,,,False,False,False,True,False,True,False,False,False,True,False,True,False,False,False,False,False,False,False,False
GIGN,Geometric Interaction Graph Neural Network for Predicting Protein–Ligand Binding Affinities from 3D Structures (GIGN),2023,Journal of Physical Chemistry Letters,https://doi.org/10.1021/acs.jpclett.2c03906,14,8,yes,yes,PDBbind v.2016 general,2016,285,pK,,,0.84,github,https://github.com/guaguabujianle/GIGN,MIT,2023-08-02,True,False,True,False,False,True,True,True,True,False,,,,https://github.com/jeavesj/gign,Added a full conda environment file; refactored preprocessing to accept a CSV of complex IDs and skip already-processed entries; added None-graph filtering and per-inference timing to the predict script.,https://zenodo.org/records/7490623#.Y60PTnZBxD8,10.5281/zenodo.7490623,CC BY 4.0,preprocessed graphs,3.9,ehign_pla,https://github.com/jeavesj/GIGN/blob/main/environment.yml,11.3,MSU HPCC amd24-H200,Statistically reproduced,<2h,,https://github.com/jeavesj/GIGN/blob/main/GIGN/model/20221121_074758_GIGN_repeat0/model/epoch-532%2C%20train_loss-0.1162%2C%20train_rmse-0.3408%2C%20valid_rmse-1.1564%2C%20valid_pr-0.7813.pt,0.85,,False,False,False,False,False,False,False,False,False,False,False,False,False,False,False,False,False,False,False,False
GraphScoreDTA,GraphscoreDTA: optimized graph neural network for protein–ligand binding affinity prediction,2023,Bioinformatics,https://doi.org/10.1093/bioinformatics/btad340,39,6,yes,yes,PDBbind v.2019 general,2016,285,pK,,,0.831,github,https://github.com/CSUBioGroup/GraphscoreDTA,GPL-3.0,2024-05-16,True,True,True,True,False,False,True,True,True,False,,,,,,https://github.com/CSUBioGroup/GraphscoreDTA/releases/tag/Data,,MIT,preprocessed graphs,,,,,,Not attempted,,,,,,False,False,False,False,True,False,False,False,False,False,True,False,False,False,False,False,False,False,False,False
HAC-Net,HAC-Net: A Hybrid Attention-Based Convolutional Neural Network for Highly Accurate Protein–Ligand Binding Affinity Prediction,2023,Journal of Chemical Information and Modeling,https://doi.org/10.1021/acs.jcim.3c00251,63,7,yes,yes,PDBbind v.2020 general,2016,285,pK,,,0.846,github,https://github.com/gregory-kyro/HAC-Net,MIT,2024-12-08,True,True,False,False,False,True,True,True,True,True,,,,https://github.com/jeavesj/HAC-Net,"Added a self-contained CLI script (`HACNet_CLI.py`) enabling single-pass batch inference over the CASF-2016 coreset without the original notebook workflow; added a conda environment file, a shell driver script, and a utility to merge per-complex prediction CSVs.",https://drive.google.com/drive/folders/1yB2voUxwzhrQRh0JXnOD3BzY8ZQrbgUK?usp=sharing,,,"Extracted features for many datasets and for deeper analyses (e.g., ablation studies), model weights, intermediate graphs",3.12,hacnet,https://github.com/jeavesj/HAC-Net/blob/main/environment.yml,12.8,MSU HPCC amd24-H200,"Runnable, not reproducible",8-12h,"The limitations in reproducibility are likely, in large part, from the use of the no-longer-supported ACC2 API for charge calculation.",https://github.com/gregory-kyro/HAC-Net/tree/main/HACNet/parameter_files,0.777,,False,False,False,False,False,False,False,False,False,False,False,False,False,True,False,False,False,False,False,False
HaPPy,A Multi-perspective Model for Protein–Ligand-Binding Affinity Prediction,2023,Interdisciplinary Sciences: Computational Life Sciences,https://doi.org/10.1007/s12539-023-00582-y,15,4,partial,yes,PDBbind v.2016 general,2016,285,pK,,,0.827,github,https://github.com/Jthy-af/HaPPy,MIT,2023-06-12,True,True,True,True,False,True,False,True,False,False,partial,no,no,,,,,,,,,,,,Not attempted,,,,,,False,False,False,True,False,False,False,False,False,True,False,False,False,False,False,False,False,False,False,False
HydraScreen,HydraScreen: A Generalizable Structure-Based Deep Learning Approach to Drug Discovery,2024,Journal of Chemical Information and Modeling,10.1021/acs.jcim.4c00481,64,15,yes,yes,PDBbind v.2020 general,2016,285,pK,,,0.86,github,https://github.com/Ro5-ai/hydrascreen,Non-Commercial Use,2024-06-25,True,True,True,True,False,False,False,False,False,False,no,no,no,,,,,,,,,,,,Not attempted,,API only with no accessible source code,,,,False,True,False,False,False,False,False,False,False,False,False,False,False,False,False,False,False,False,False,False
IGModel,A new paradigm for applying deep learning to protein–ligand interaction prediction,2024,Briefings in Bioinformatics,https://doi.org/10.1093/bib/bbae145,25,3,no,yes,PDBbind v.2019 general,2016,285,pK,,,0.831,github,https://github.com/zchwang/IGModel,MIT,2025-01-04,True,True,False,True,False,True,True,True,True,False,,,,https://github.com/jeavesj/IGModel,Added a full conda environment file and a utility to merge per-complex prediction CSVs; rewrote `run_scoring.sh` as a batch loop over the CASF-2016 coreset with conda module loading; added per-complex inference timing to `scripts/scoring.py`.,,,,,3.9.23,igmodel,https://github.com/jeavesj/IGModel/blob/master/environment_amd20-v100.yml,11.8,MSU HPCC amd20-V100,"Runnable, not reproducible",2-4h,Three ligands failed to parse (RDKit errors). Attempted with both available checkpoints and reported best results (obtained with saved_model.pth),https://github.com/jeavesj/IGModel/blob/master/models/saved_model.pth,0.45,,False,False,False,False,False,False,False,False,False,False,False,False,False,False,False,False,False,False,False,True
IMCPiDB-Score,Protein-ligand binding affinity prediction based on profiles of intermolecular contacts,2022,Computational and Structural Biotechnology Journal,https://doi.org/10.1016/j.csbj.2022.02.004,20,,no,yes,PDBbind v.2020 refined,2016,285,pK,,,0.791,github,https://github.com/debbydanwang/BAP,MIT,2021-10-15,True,False,False,False,False,False,True,True,False,False,no,no,no,,,,,,,,,,,,Not attempted,,,,,,False,False,False,True,True,False,True,False,False,True,True,False,True,False,False,False,False,True,False,False
LGN,Improving structure-based protein-ligand affinity prediction by graph representation learning and ensemble learning,2024,PLOS One,https://doi.org/10.1371/journal.pone.0296676,,,yes,yes,PDBbind v.2016 refined,2016,285,pK,,,0.842,github,https://github.com/gojx1998/LGN,,2023-05-17,True,False,False,False,False,True,True,True,False,False,,,,,,,,,,,,,,,Not attempted,,,,,,False,False,False,True,False,False,True,False,False,True,False,False,True,False,False,False,False,False,False,False
LigityScore,LigityScore: A CNN-Based Method for Binding Affinity Predictions,2022,Biomedical Engineering Systems and Technologies,https://doi.org/10.1007/978-3-031-20664-1_2,1710,,no,yes,PDBbind v.2018 general,2016,285,pK,,,0.725,gitlab,https://gitlab.com/josephazzopardi/ligityscore,,2021-04-26,True,True,True,True,False,True,True,True,True,True,partial,no,no,,,,,,,,,,,,Not attempted,,,,,,False,False,False,False,False,False,False,False,False,False,False,False,False,False,False,False,False,False,False,False
MFE,MFE - Surface-based Multimodal Protein-Ligand Binding Aﬀinity Prediction,2024,Bioinformatics,https://doi.org/10.1093/bioinformatics/btae413,40,7,partial,yes,PDBbind v.2016 general,2016,285,pK,,,0.851,github,https://github.com/Sultans0fSwing/MFE,,2024-03-30,True,True,True,True,False,True,False,True,False,False,,,,,,,,,,,,,,,Not attempted,,,,,,False,False,False,True,False,True,False,False,False,True,False,True,False,False,False,False,False,False,False,False
MM-DRPNet,MM-DRPNet: A multimodal dynamic radial partitioning network for enhanced protein–ligand binding affinity prediction,2024,Computational and Structural Biotechnology Journal,https://doi.org/10.1016/j.csbj.2024.11.050,23,,partial,yes,PDBbind v.2016 general (partial),2016,285,pK,,,0.884,github,https://github.com/Bigrock-dd/MMDRPv1,,2024-11-22,True,True,True,True,False,True,True,True,False,False,partial,partial,no,,,,,,,,,,,,Not attempted,,,,,,False,False,False,True,False,False,False,False,False,True,False,False,False,False,False,False,False,False,False,False
MP-GNN,Multiphysical graph neural network (MP-GNN) for COVID-19 drug design,2022,Briefings in Bioinformatics,https://doi.org/10.1093/bib/bbac231,23,4,no,yes,PDBbind v.2016 refined,2016,285,pK,,,0.85,github,https://github.com/Alibaba-DAMO-DrugAI/MGNN,,2022-11-01,True,False,True,False,False,True,True,True,False,False,,,,,,,,,,,,,,,Not attempted,,,,,,False,False,False,True,False,False,False,False,False,True,False,False,False,False,False,False,False,False,False,False
MSECIF,Multi-shelled ECIF: improved extended connectivity interaction features for accurate binding affinity prediction,2023,Bioinformatics Advances,10.1093/bioadv/vbad155,3,1,partial,yes,PDBbind v.2016 refined,2016,285,pK,,,0.877,github,https://github.com/koji11235/MSECIFv2,MIT,2025-02-23,True,False,False,False,False,True,False,True,False,False,partial,no,no,,,,,,,,,,,,Not attempted,,,,,,False,False,False,True,False,True,True,False,False,True,False,True,True,False,False,False,False,True,False,False
MSSDTA,Predicting Protein-Ligand Binding Affinity with Multi-Scale Structural Features,2023,IEEE International Conference on Bioinformatics and Biomedicine (BIBM),10.1109/BIBM58861.2023.10385328,,,no,no,PDBbind v.2019 general,2016,285,pK,,,0.801,,,,,,,,,,,,,,,,,,,,,,,,,,,,,Not attempted,,,,,,True,False,False,False,False,False,False,False,False,False,False,False,False,False,False,False,False,False,False,False
OnionNet-2,OnionNet-2: A Convolutional Neural Network Model for Predicting Protein-Ligand Binding Affinity Based on Residue-Atom Contacting Shells,2021,Frontiers in Chemistry,https://doi.org/10.3389/fchem.2021.753002,9,,no,yes,PDBbind v.2019 general,2016,285,pK,,,0.864,github,https://github.com/zchwang/OnionNet-2,GPL-3.0,2024-03-01,True,True,True,False,False,True,True,True,True,False,,,,https://github.com/jeavesj/OnionNet-2,"Added CPU and GPU conda environment files; added a `--name` argument to `predict.py` and changed CSV output to append mode; rewrote `run_predict.sh` as a coreset loop with automatic obabel SDF-to-PDB conversion; added SLURM submission scripts for AF3, Boltz2, and GNINA-apo docked structures.",https://zenodo.org/records/10728089,10.3389/fchem.2021.753002,CC BY 4.0,model checkpoint,3.9,onionnet2_gpu,https://github.com/jeavesj/OnionNet-2/blob/master/onionnet2_gpu_env.yml,,MSU HPCC amd24-H200,Statistically reproduced,6-8h,,https://zenodo.org/records/10728089,0.851,,False,False,False,False,False,False,False,False,False,False,False,False,False,False,False,False,False,False,False,False
P3-Score,Development of a polynomial scoring function P3-Score for improved scoring and ranking powers,2023,Chemical Physical Letters,https://doi.org/10.1016/j.cplett.2023.140547,824,,no,yes,PDBbind v.2019 refined,2016,285,pK,,,0.735,github,https://github.com/lichuang0/P3-Score,,2022-11-20,True,False,False,False,False,False,True,False,False,False,no,no,no,,,,,,,,,,,,Not attempted,,,,,,False,False,False,True,True,False,True,False,False,True,True,False,True,False,False,False,False,True,False,False
PerSpect ML,Persistent spectral–based machine learning (PerSpect ML) for protein-ligand binding affinity prediction,2021,Science Advances,https://doi.org/10.1126/sciadv.abc5329,7,19,yes,yes,PDBbind v.2016 refined,2016,285,pK,,,0.84,github,www.github.com/fdmm1989/PersistentHodgeLaplacian,MIT,2021-01-21,True,False,False,False,False,True,False,False,False,False,,,,,,,,,,,,,,,Not attempted,,,,,,False,False,False,True,False,True,True,False,False,True,False,True,True,False,False,False,False,False,False,False
PIGNet2,PIGNet2: a versatile deep learning-based protein–ligand interaction prediction model for binding affinity scoring and virtual screening,2024,Digital Discovery,https://doi.org/10.1039/D3DD00149K,3,2,yes,yes,PDBbind v.2016 refined,2016,285,pK,,,0.747,github,https://github.com/ACE-KAIST/PIGNet2,MIT,2024-03-05,True,True,True,True,False,True,True,True,True,False,partial,no,no,https://github.com/jeavesj/PIGNet2,"Updated dependencies from CUDA 11.1 to CUDA 12.x (torch 1.9→2.4.1, PyG 2.0.3→2.4.0); fixed `.keys`→`.keys()` for PyG 2.x API in `data.py`; added `_fix_and_sanitize()` to `generate_data.py` to correct MDL-misencoded carboxylate/guanidinium/sulfonate/iminium groups in PDBbind SDF files; added defensive error handling in `protonate_mol()`; rewrote `write_predictions()` for CSV output with timing column and append-mode per-complex accumulation; added `install.sh`, SLURM batch script, local `dimorphite_dl` shim (no longer on PyPI), and conda environment file.",https://doi.org/10.5281/zenodo.8091220,https://doi.org/10.5281/zenodo.8091220,CC BY 4.0,training and test datasets,3.9.18,pignet2,https://github.com/jeavesj/PIGNet2/blob/main/msu_hpcc_amd24-h200_environment.yml,12.1,MSU HPCC amd24-H200,"Runnable, not reproducible",2-4h,Dependencies incompatible with modern software stacks; preprocessing bugs related to mol reading,https://github.com/jeavesj/PIGNet2/blob/main/src/ckpt/pda_0.pt,0.505,,False,False,False,False,False,False,False,False,False,False,False,False,False,True,False,False,False,False,False,True
PLANET,PLANET: A Multi-objective Graph Neural Network Model for Protein–Ligand Binding Affinity Prediction,2023,Journal of Chemical Information and Modeling,https://pubs.acs.org/doi/10.1021/acs.jcim.3c00253,64,7,partial,yes,PDBbind v.2020 general,2016,285,pK,,,0.824,github,https://github.com/ComputArtCMCG/PLANET,,2023-12-20,True,False,True,True,False,False,True,True,True,False,,,,,,,,,,,,,,,Not attempted,,Instructions for manual preprocessing with Maestro software were provided in readme,,,,False,False,False,False,True,False,False,False,False,False,True,False,False,False,False,False,False,False,False,False
pointnet,A point cloud-based deep learning strategy for protein–ligand binding affinity prediction,2022,Briefings in Bioinformatis,https://doi.org/10.1093/bib/bbab474,23,1,partial,yes,PDBbind v.2016 general,2016,285,pK,,,0.852,github,https://github.com/wyji001/Point-Cloud,,2021-10-10,True,False,False,False,False,True,True,False,False,False,no,no,no,,,,,,,,,,,,Not attempted,,,,,,False,False,False,True,False,False,True,False,False,True,False,False,True,False,False,False,False,True,False,False
PPS-ML,PersistenPersistent Path-Spectral (PPS) Based Machine Learning for Protein–Ligand Binding Affinity PredictionClick to copy article link,2023,Journal of Chemical Information and Modeling,10.1021/acs.jcim.2c01251,63,3,partial,yes,PDBbind v.2016 refined,2016,285,pK,,,0.843,github,https://github.com/LiuRanMath/Persistent-path-spectral-based-ML,,2022-12-24,True,False,True,False,False,True,False,False,False,False,partial,no,no,,,,,,,,,,,,Not attempted,,,,,,False,False,False,True,False,True,False,False,False,True,False,True,False,False,False,False,False,False,False,False
RFL-Score,RFL-Score: Random Forest with Lasso Scoring Function for Protein-Ligand Molecular Docking,2024,IEEE Conference on Computational Intelligence in Bioinformatics and Computational Biology (CIBCB),10.1109/CIBCB58642.2024.10702128,,,no,yes,"PDBbind v.2018 general weak, PDBbind v.2018 refined, and CSAR-NRC HiQ",2016,285,pK,,,0.812,github,https://github.com/rflscore/rfl-score_v1,MIT,2022-07-08,True,False,True,False,False,True,True,False,False,False,partial,partial,no,,,,,,,,,,,,Not attempted,,,,,,False,False,False,True,False,False,False,False,False,True,False,False,False,False,False,False,False,False,False,False
saCNN,Structure-Based Protein-Drug Affinity Prediction with Spatial Attention Mechanisms,2021,IEEE International Conference on Bioinformatics and Biomedicine (BIBM),10.1109/BIBM52615.2021.9669781,,,no,no,PDBbind v.2019 general and PDBbind v.2016 refined,2016,285,pK,,,0.865,github,https://github.com/xfcui/saCNN,MIT,2022-06-09,True,True,False,False,False,True,True,True,True,False,partial,partial,no,https://github.com/jeavesj/saCNN,"Work around to avoid proprietary software for preprocessing, resultant preprocessing debugging",,,,,3.10.20,saCNN,https://github.com/jeavesj/saCNN/blob/main/saCNN_environment.yml,12,MSU HPCC amd24-H200,Statistically reproduced,4-6h,,https://github.com/jeavesj/saCNN/blob/main/checkpoint/model.pkl,0.862,,False,False,False,False,False,False,True,False,False,False,False,False,False,False,False,False,False,False,False,False
SFCNN,Sfcnn: a novel scoring function based on 3D convolutional neural network for accurate and stable protein–ligand affinity prediction,2022,BMC Bioinformatics,https://doi.org/10.1186/s12859-022-04762-3,23,222,no,yes,PDBbind v.2019 refined,2016,285,pK,,,0.793,github,https://github.com/bioinfocqupt/Sfcnn,GPL-3.0,2021-10-08,True,False,False,False,False,True,True,True,True,False,no,no,no,https://github.com/jeavesj/Sfcnn,Fixed openbabel import in `predict.py` (`from openbabel import pybel` → `import pybel`) and converted a print statement to Python 2 syntax; added per-prediction timing output to stdout; added SLURM batch script to run all 286 CASF-2016 complexes sequentially; added conda environment file documenting the Python 2.7/TensorFlow 2.1.0 stack.,,,,,2.7.18,sfcnn,https://github.com/jeavesj/Sfcnn/blob/main/msu_hpcc_amd24-h200_environment.yml,,MSU HPCC amd20-V100,Statistically reproduced,<2h,,https://github.com/jeavesj/Sfcnn/blob/main/weights_22_112-0.0083.h5,0.789,,False,False,False,False,False,False,False,False,False,False,False,False,False,False,False,False,False,False,False,False
SMPLIP-Score,SMPLIP-Score: predicting ligand binding affinity from simple and interpretable on-the-fly interaction fingerprint pattern descriptors,2021,Journal of Cheminformatics,https://doi.org/10.1186/s13321-021-00507-1,13,28,partial,yes,PDBbind v.2015 refined,2016,285,pK,,,0.775,github,https://github.com/college-of-pharmacy-gachon-university/SMPLIP-Score,,2021-06-01,True,False,True,False,False,False,True,True,False,True,no,no,no,,,,,,,,,,,,Not attempted,,,,,,False,False,False,True,True,False,False,False,False,True,True,False,False,False,False,False,False,False,False,False
topoformer,Multiscale topology-enabled structure-to-sequence transformer for protein–ligand interaction predictions,2024,Nature Machine Intelligence,https://doi.org/10.1038/s42256-024-00855-1,6,,yes,yes,PDBbind v.2020 general,2016,285,pK,,,0.881,github,https://github.com/WeilabMSU/TopoFormer,MIT,2025-11-25,True,True,True,False,False,True,True,True,True,False,partial,yes,yes,https://github.com/jeavesj/TopoFormer,"Resolved hard coded paths, added CLI utility, slurm submitable script",https://zenodo.org/records/10892800,https://zenodo.org/records/10892800,CC BY 4.0,"Source code, input data, featurzied data, and results",3.9.25,topoformer,https://github.com/jeavesj/TopoFormer/blob/main/msu_hpcc_amd24-h200_environment.yml,12.9,MSU HPCC amd24-H200,"Runnable, not reproducible",6-8h,"Only 3/10 fine-tuned model checkpoints were provided, and no explicit protocol was provided to evalute the multiple models over many runs as ambiguously described in the readme",https://weilab.math.msu.edu/Downloads/TopoFormer/finetuned_casf2016_3models.tar.gz,0.717,,False,False,False,False,False,False,False,False,False,True,False,False,True,False,False,False,False,False,False,True
