pdbid,pK_predicted0,t_inf_s0,pK_predicted1,t_inf_s1,pK_predicted2,t_inf_s2,t_prep_s,pK_predicted,t_inf_s
1p1n,6.222133,14.232601881027222,7.21377,20.23665809631348,6.6597867,16.561912536621094,19.97161078453064,6.698563233333334,17.010390837987263
3rr4,6.694579,14.811343669891356,6.716906,14.223982095718384,6.7874103,15.045948028564451,16.918988943099976,6.7329651,14.693757931391398
1o3f,5.599058,14.254964351654053,6.208041,14.314192056655884,5.9211125,14.99810266494751,17.752331495285034,5.909403833333333,14.522419691085815
3ozt,6.6559258,15.314519166946411,7.7455587,14.497881174087524,7.2907786,14.694069385528564,27.931129932403564,7.230754366666667,14.835489908854166
3rsx,5.2001405,15.736380577087402,4.777681,15.132655620574951,4.8556733,14.33403754234314,13.447878122329712,4.944498266666667,15.067691246668497
1ydr,5.8360844,14.461891412734984,6.5285287,16.55410861968994,6.071244,13.612472295761108,29.226027727127075,6.1452857,14.876157442728678
1a30,6.2305155,14.409988164901732,6.261527,17.035362720489502,6.2968297,14.387990474700928,18.870311737060547,6.2629574,15.277780453364054
3b1m,7.1559014,14.795560121536257,7.6914687,14.289047002792358,7.3090563,13.645695686340332,33.43067646026611,7.385475466666667,14.243434270222982
3myg,6.409828,14.420804500579834,6.506422,14.229374170303345,5.600243,13.565643310546877,18.66929793357849,6.172164333333334,14.071940660476685
3pyy,5.3152065,14.847097396850586,5.6619997,14.405881643295288,5.6285486,14.063977241516112,15.750961780548096,5.5352516,14.438985427220663
3nq9,4.0422525,14.370590686798096,3.9143605,14.242695569992064,4.0115013,13.589000701904297,6.487892866134644,3.9893714333333334,14.067428986231485
3rlr,5.558559,14.018419027328491,6.0673966,14.093302488327026,5.804413,14.000059843063354,29.86850953102112,5.810122866666667,14.03726045290629
3prs,8.260232,16.46177387237549,8.902293,14.163036346435549,7.8104525,14.01619267463684,43.24859023094177,8.324325833333335,14.880334297815958
3zsx,4.7735415,14.383738994598389,5.281684,14.22206997871399,5.0035167,14.014212369918823,9.894267082214355,5.019580733333334,14.206673781077066
3ui7,6.0658994,14.160916805267334,6.177035,13.89138960838318,6.037659,13.855318069458008,21.61630892753601,6.093531133333333,13.969208161036173
3zdg,6.2654624,14.044764280319214,6.890317,14.267093420028688,7.072278,13.79618525505066,18.22179627418518,6.7426858,14.036014318466187
4ih7,4.5496473,14.083807706832886,4.814165,14.204560279846191,4.7980595,13.836230993270874,18.512721061706543,4.720623933333333,14.04153299331665
4w9h,5.841138,15.147987842559814,6.196851,14.526752948760986,5.8474193,13.78597903251648,18.680273056030277,5.9618027666666675,14.48690660794576
1syi,6.238009,14.269583225250244,7.5519648,15.204684495925903,6.916207,14.101158142089844,18.87343692779541,6.902060266666666,14.525141954421997
3cj4,4.6638064,13.735844135284424,4.8356123,16.458399534225464,5.472627,13.957414388656616,19.648606300354004,4.990681899999999,14.717219352722168
3uuo,4.5677505,14.171649694442747,4.727637,16.392927408218384,4.7357407,13.70682692527771,15.019158363342283,4.677042733333334,14.757134675979614
1c5z,4.3518596,13.769620418548584,5.298579,14.07246708869934,4.447043,13.800632238388062,6.7446794509887695,4.699160533333334,13.880906581878662
2cet,6.8413095,13.898396015167236,7.2557697,13.923410415649414,7.0753903,14.258594989776611,33.86889934539795,7.0574898333333325,14.026800473531088
4gfm,4.8707504,14.126359701156616,6.216272,13.814512491226196,5.181495,13.647979736328123,18.94159746170044,5.4228391333333335,13.862950642903646
2wca,5.069239,14.272462606430054,5.6218204,13.80749797821045,5.403991,14.867754459381104,21.56515312194824,5.3650168,14.315905014673868
3uew,4.8362556,14.518697500228882,4.660293,13.840152502059937,4.3960605,13.891063213348389,18.67241930961609,4.630869700000001,14.083304405212402
2qe4,7.507768,14.974359273910522,7.3904934,14.057863235473633,7.360232,13.765570878982544,24.815794229507446,7.419497799999999,14.265931129455566
4f2w,8.737048,15.427514791488647,9.360674,13.903314590454102,8.522313,14.138545036315918,24.32740831375122,8.873344999999999,14.48979147275289
4w9i,5.854927,13.677463054656982,5.5567994,14.379821062088013,5.384897,13.905201196670532,16.357005834579468,5.598874466666666,13.987495104471842
3ag9,,,,,,,,,
2fxs,6.140515,14.519604444503784,6.904674,13.530083894729614,6.2514825,13.496423244476318,15.82517671585083,6.432223833333334,13.848703861236572
5c2h,6.9348226,14.3224995136261,7.41541,13.680882453918455,7.1974597,14.057013511657717,46.269505977630615,7.1825641000000005,14.020131826400757
4jia,6.0824504,13.849218130111694,6.43616,13.662469625473022,5.3894176,14.120792627334597,15.49793815612793,5.969342666666667,13.877493460973104
2p4y,7.237709,14.117399215698242,7.174154,14.120343208312988,7.50787,14.059190273284912,55.186325788497925,7.306577666666667,14.09897756576538
2qnq,5.958715,14.216752052307127,6.5091896,14.313149690628052,6.5115266,14.576320886611938,37.40267896652222,6.3264770666666665,14.368740876515707
3uex,5.10191,14.20410943031311,4.794242,14.223194360733032,5.052696,15.632177352905272,26.054025411605835,4.982949333333334,14.686493714650473
3e93,6.630355,14.238938808441162,7.1522617,13.935963153839111,6.6764464,14.319101333618164,45.18433880805969,6.8196877,14.164667765299479
1k1i,6.031875,13.665512800216677,6.314407,13.94562554359436,5.919227,13.910223722457886,16.461185932159424,6.088503,13.84045402208964
4jxs,6.4817843,14.420799255371094,6.1343555,14.126701354980469,6.2982774,13.417452812194824,13.945247173309326,6.304805733333333,13.988317807515463
3ryj,6.487225,15.753127574920654,6.711146,13.78941559791565,6.291755,14.225064754486084,25.410085916519165,6.496708666666667,14.589202642440796
5dwr,7.385098,14.095931768417358,7.493054,14.983663082122805,6.9060864,13.75639009475708,33.04925513267517,7.2614128,14.278661648432413
3gnw,7.086339,14.19848608970642,7.674046,14.317325830459597,7.395975,13.822607517242432,55.48527503013611,7.385453333333333,14.112806479136148
3mss,5.3820124,13.834924936294556,5.3623652,14.991180181503296,5.3203397,13.893980026245115,9.805705070495604,5.354905766666666,14.240028381347656
2wvt,5.316646,16.057301998138428,6.166188,14.195761442184448,5.310728,14.382363319396973,16.021734714508057,5.597854000000001,14.878475586573282
3qgy,6.781049,14.129210948944092,7.201126,14.098742485046388,6.4975367,13.8704833984375,19.0947949886322,6.826570566666668,14.032812277475992
2zb1,6.2006288,13.781091928482056,7.5507965,19.754796028137207,7.0768137,13.860492467880247,31.00816822052002,6.942746333333333,15.79879347483317
4f3c,8.895338,15.292291402816772,9.921954,19.136492252349854,8.923045,13.550315856933594,30.272413730621334,9.246779000000002,15.993033170700073
2brb,6.9890313,14.471389055252075,7.7816954,22.884412050247192,6.910937,14.347972631454468,15.16382932662964,7.227221233333334,17.234591245651245
1qkt,6.545636,13.659130573272703,7.143553,21.338758945465088,7.3001485,14.234080791473389,18.849590063095093,6.996445833333333,16.410656770070393
3dxg,3.2029247,13.977517366409302,3.5878203,20.86916923522949,3.720712,14.341241121292114,6.323585271835327,3.503819,16.395975907643635
4w9c,3.874956,14.593910455703735,4.4451046,21.42904210090637,4.492709,14.135891437530518,14.920169115066528,4.2709231999999995,16.719614664713543
2al5,5.8614993,13.842856407165527,6.900991,22.3956298828125,6.411451,13.941368103027344,22.16787433624268,6.391313766666666,16.72661813100179
3uo4,6.5794587,14.483782291412354,6.023129,33.53095102310181,5.840079,14.324603080749512,22.94348526000977,6.147555566666667,20.779778798421223
4k77,5.8188477,14.897045373916626,6.666625,14.3684401512146,5.904829,13.914454460144045,18.64063549041748,6.130100566666666,14.393313328425089
2fvd,6.516806,14.588043928146362,7.077712,13.543564796447754,6.6060667,13.939845323562622,37.55537176132202,6.733528233333334,14.023818016052246
3o9i,9.684597,13.817448139190674,10.081696,14.18629026412964,9.263833,13.863966941833496,35.88835787773132,9.676708666666668,13.955901781717936
3ary,4.543207,14.121436595916748,4.999939,13.955897331237791,4.244889,13.878365755081177,11.691621541976929,4.596011666666667,13.985233227411905
3n7a,5.0534062,16.38693141937256,4.581949,15.536787271499634,5.2105465,14.61518406867981,11.89150619506836,4.9486339,15.512967586517334
3e5a,6.1220756,14.158707857131958,6.5627255,15.478596210479736,5.568676,13.913324117660522,31.677010774612427,6.084492366666666,14.516876061757406
3g2n,5.095772,14.081103324890137,6.526256,16.33038353919983,6.009046,13.671653509140016,29.90532732009888,5.877024666666666,14.694380124409994
4mgd,6.1206045,15.026793003082275,6.0002413,13.7711763381958,6.4325686,13.682583332061768,20.456725358963013,6.184471466666667,14.160184224446615
4m0y,5.735219,14.306917905807495,6.861126,14.482010841369627,5.9866796,14.65240216255188,12.191710472106934,6.194341533333334,14.480443636576334
1qf1,7.005947,14.153786420822144,7.442076,13.796934366226196,6.690829,13.63995909690857,23.70588731765747,7.046284,13.86355996131897
4agn,4.8396955,13.98923659324646,5.3403187,13.860466241836548,5.3649707,15.385087251663208,7.161838054656982,5.181661633333333,14.411596695582071
2yge,5.58616,14.06705904006958,5.8105755,13.728769540786743,5.6579,14.921792984008787,34.00886368751526,5.684878499999999,14.23920718828837
4kzu,6.287736,14.139505624771118,6.545162,14.72846531867981,6.9446354,14.145557403564451,15.05856227874756,6.592511133333333,14.33784278233846
4wiv,6.141067,13.852062463760376,6.778542,14.10351848602295,5.9358816,13.71333384513855,13.214174509048462,6.285163533333333,13.889638264973959
2wnc,6.359671,13.95089054107666,6.827676,14.440773725509644,6.6867185,14.821102380752563,18.176026821136475,6.6246885,14.404255549112955
4kz6,5.4627633,14.071510553359984,4.872557,14.091559886932371,5.761524,14.48172664642334,9.737797498703005,5.365614766666667,14.214932362238565
2zda,6.656378,14.02778172492981,7.033633,13.890582084655762,6.851029,13.89680790901184,30.41294550895691,6.847013333333333,13.938390572865805
3gr2,2.4853637,13.825256824493408,3.1927214,14.764846086502075,2.981241,13.704726219177246,5.062138557434082,2.8864420333333336,14.098276376724243
4crc,7.014205,14.26401972770691,7.496254,15.068305730819702,6.7439623,13.783550500869753,38.54339265823364,7.0848071,14.37195865313212
4e5w,6.979743,14.237786769866943,7.0006566,13.634873628616331,6.259002,14.210384130477903,27.561172008514404,6.7464672000000006,14.027681509653727
1bcu,4.649264,13.905860662460327,5.2819495,14.129260301589966,4.327803,14.08519959449768,8.364786863327026,4.7530054999999996,14.040106852849325
4hge,5.611986,13.811042785644531,6.0465827,13.871873140335085,5.7270937,14.232154846191406,26.167758226394653,5.7952208,13.97169025739034
1gpk,5.406293,14.285508632659912,5.825535,13.56565523147583,6.023024,14.125323295593262,25.896031379699707,5.751617333333333,13.992162386576334
1vso,5.1812367,14.782697200775146,6.1553364,13.77210283279419,5.1436324,14.08365511894226,16.89118456840515,5.493401833333333,14.212818384170532
3n76,6.5499187,14.044084310531616,6.6866717,14.192805051803589,6.7095265,14.322685956954956,25.5179386138916,6.648705633333333,14.186525106430054
2weg,5.4431505,13.740725755691528,5.943287,14.0984046459198,5.462693,14.423905849456789,19.76699662208557,5.616376833333334,14.087678750356039
3f3c,5.4099016,14.252906799316406,6.341624,13.97216510772705,5.929449,13.34417986869812,22.114803075790405,5.8936582,13.856417258580526
4cig,4.521889,14.03579878807068,4.7199397,13.97754406929016,5.133389,13.991442441940308,11.88226079940796,4.791739233333334,14.00159509976705
2c3i,5.888896,14.985198497772217,6.248568,13.71207308769226,5.755042,14.100556373596191,15.701006174087524,5.964168666666667,14.265942653020224
2cbv,5.6611285,14.63876223564148,6.782031,13.980082750320436,6.496293,13.763116598129272,13.740608215332031,6.313150833333334,14.127320528030396
4u4s,5.1348257,13.944327116012571,5.612094,15.081067085266112,5.1004734,18.083866834640503,17.68833041191101,5.282464366666667,15.703087011973063
4eky,5.422113,14.11063027381897,6.446736,14.843402624130247,5.793675,17.55617117881775,48.10030889511109,5.887508,15.503401358922323
4ih5,3.8798313,14.219475030899048,4.83571,15.716947793960571,4.416889,16.397462606430054,15.750473260879517,4.377476766666667,15.444628477096558
3d4z,5.349853,14.014363050460815,6.4495087,14.037254333496094,6.3749228,13.907509803771973,13.675578832626345,6.058094833333333,13.98637572924296
3nw9,7.9229574,13.99619197845459,7.873221,14.316906452178957,7.697994,13.783872842788696,36.961508989334106,7.8313907999999985,14.032323757807413
4agp,5.2435493,14.677604913711548,5.3664246,13.847750663757324,5.6036057,13.710650205612184,6.889852046966553,5.404526533333333,14.078668594360352
5c28,4.0621624,14.147766828536987,4.3882437,13.940694570541382,4.089816,13.89721655845642,8.023024320602417,4.180074033333334,13.99522598584493
3ejr,7.6370173,14.206486701965332,8.519336,13.935914516448976,8.214276,14.517966032028198,19.94862365722656,8.1235431,14.220122416814169
3d6q,3.3645258,14.556790351867676,4.035813,13.918237447738647,4.032275,14.139111280441284,7.021125078201294,3.8108712666666666,14.204713026682535
2xj7,5.516041,13.648510932922363,5.534704,13.719539165496826,5.46559,14.174761533737184,21.510358810424805,5.505444999999999,13.847603877385458
2br1,6.8972154,14.899655103683472,7.4722767,14.199954509735107,6.8063664,13.895485162734984,15.89177393913269,7.0586195,14.331698258717855
4djv,6.2574825,15.98727822303772,7.0656643,14.215880393981934,6.0631166,14.165310144424438,23.98983693122864,6.4620878,14.789489587148031
3f3d,6.5286455,13.678904056549072,7.656071,15.463260650634766,6.663663,14.183709859848022,15.882643461227415,6.949459833333333,14.44195818901062
4eor,6.904612,13.996265888214111,7.474749,16.10877561569214,6.6459956,14.19536828994751,30.380266189575195,7.0084522,14.76680326461792
2v7a,6.018636,13.52206540107727,6.918914,14.500287055969238,5.7467675,13.943353414535522,25.13181185722351,6.228105833333333,13.988568623860678
3ge7,6.8049016,14.50820541381836,6.86018,14.027233123779297,6.8503113,14.018693208694458,26.200628757476807,6.838464300000001,14.184710582097372
2zcq,7.225341,14.541617631912231,7.2209883,13.490195751190186,7.2635202,13.509244680404665,24.430383682250977,7.2366165,13.84701935450236
3ueu,4.299542,14.087815761566162,4.604322,13.611462831497192,4.573051,13.83002471923828,17.066614627838135,4.492304999999999,13.843101104100546
4agq,5.1906533,14.067666292190552,4.8258996,14.01369333267212,5.074593,13.467333793640137,7.491403102874756,5.030381966666667,13.849564472834269
2wn9,5.8121076,13.927717685699465,6.5756063,14.42918610572815,6.400435,14.40216064453125,19.028958082199097,6.2627163,14.253021478652954
4cr9,4.405769,13.57634973526001,5.310357,13.801411151885986,4.4145846,13.740796089172363,7.100085496902466,4.7102368666666665,13.706185658772787
4qd6,5.4328322,14.090919494628906,5.8845196,14.471163749694824,5.4279633,13.6060209274292,12.547181129455566,5.5817717,14.056034723917643
3aru,4.975239,13.574209451675417,6.132419,14.016232252120972,4.9101734,13.98761796951294,12.128324508666992,5.339277133333333,13.859353224436441
3f3e,5.631919,14.748132705688477,6.6738396,13.54530382156372,5.846193,13.903271913528442,16.39056897163391,6.050650533333333,14.065569480260214
2xb8,7.487948,13.80618405342102,7.4022365,13.755988836288452,7.1713014,13.694550514221191,26.221378326416016,7.353828633333333,13.752241134643555
4ea2,5.370229,13.70555305480957,5.7264705,14.681200742721558,5.4572363,14.52026343345642,25.97074580192566,5.517978599999999,14.30233907699585
1z9g,4.7911954,14.04671311378479,5.338109,15.847145080566406,5.154356,13.7571759223938,14.112106323242188,5.0945534666666665,14.550344705581665
1ps3,5.1266537,14.102647542953491,6.277673,14.634036779403688,6.3476024,13.922236442565918,15.920616626739502,5.917309700000001,14.219640254974365
2w4x,4.903787,13.853846311569214,5.6208243,13.916006803512571,5.259169,13.481358528137209,16.901123523712158,5.2612601,13.750403881072998
4gr0,7.8317013,13.774643182754517,8.595501,14.213923931121826,8.212568,13.4524667263031,38.5034568309784,8.213256766666667,13.81367794672648
2zcr,6.7896495,14.152972936630247,6.5428615,13.796694040298462,6.526972,13.69905138015747,35.956769943237305,6.619827666666667,13.882906119028727
3uev,5.1283164,13.824206113815308,4.646175,14.034446239471436,4.6761875,13.67879343032837,16.90860390663147,4.816892966666667,13.845815261205038
3p5o,5.848278,13.734880447387695,6.387678,13.953888177871704,5.9457664,14.276076316833496,15.018571376800535,6.060574133333333,13.988281647364298
2x00,6.9979453,13.841420888900757,7.5419793,13.948242664337158,7.493765,13.660475492477415,32.8142728805542,7.3445632,13.816713015238443
2p15,8.047928,13.866026401519775,8.185388,13.874425649642944,8.147375,13.66536569595337,37.41566896438599,8.126897000000001,13.801939249038696
4kzq,7.225502,13.486471891403198,6.5900617,14.130616426467896,7.196195,15.031986236572266,14.888896942138672,7.003919566666666,14.216358184814453
3acw,5.7916427,14.228410005569458,6.168417,13.94408631324768,5.512787,14.280489683151243,19.69107699394226,5.824282233333332,14.150995333989462
1gpn,5.9826903,13.768938064575195,6.962113,13.897977590560911,6.3649383,15.655913352966309,28.21970105171204,6.436580533333334,14.440943002700806
3utu,7.7357445,14.01609230041504,7.983369,14.462193489074709,8.167348,14.199347734451294,40.1503427028656,7.962153833333333,14.22587784131368
4bkt,3.3247173,13.49998140335083,4.2113633,14.005382537841797,4.1498294,16.546908140182495,7.946350574493408,3.895303333333333,14.684090693791708
3u8k,6.2126575,13.70143723487854,7.5844846,14.06412124633789,6.57737,16.800779819488525,16.872273445129395,6.791504033333332,14.855446100234985
3arv,5.155556,13.880498886108398,5.4914083,13.774785041809082,4.9405966,16.249505281448364,10.876726150512695,5.195853633333333,14.634929736455282
3n86,6.5253315,13.925000429153442,7.1111126,13.713046550750732,6.8935966,16.50362491607666,33.42690467834473,6.8433469,14.713890631993612
2v00,4.262584,13.432812929153442,4.9472976,13.99273133277893,4.699259,13.881487369537354,13.151472806930542,4.6363802,13.769010543823242
2iwx,6.32773,14.332180738449097,6.5459538,13.53785514831543,6.250846,16.081989288330078,10.98112940788269,6.374843266666667,14.650675058364868
4ty7,7.102264,13.722217321395874,7.6530313,13.663839101791382,6.738084,14.324315786361694,34.33791542053223,7.164459766666667,13.903457403182983
3bv9,6.161574,14.40009617805481,7.4141192,13.774230003356934,6.371564,13.76075029373169,32.16529989242554,6.649085733333333,13.978358825047811
5tmn,6.069537,13.710013389587402,7.651114,13.631574153900146,6.8285475,13.811414003372192,31.175652503967285,6.849732833333333,13.717667182286581
3fur,6.9141707,14.660100936889648,7.556388,14.12486696243286,7.484432,13.703346014022827,36.54231333732605,7.3183302333333335,14.162771304448446
3syr,4.6658444,14.323368072509766,5.2760634,13.670905113220217,5.37642,14.441743850708008,31.429002046585083,5.1061092666666665,14.145339012145996
3jya,6.066712,13.923110723495483,7.0672145,13.93731451034546,5.438705,13.471190214157104,16.16301417350769,6.190877166666667,13.777205149332682
4owm,3.3559532,13.657867670059204,3.4825916,13.834913730621338,3.584246,13.94838547706604,3.9190149307250977,3.4742636,13.813722292582193
2qbp,6.8212004,13.590111494064333,7.0226994,13.607125997543337,6.983177,13.690055131912231,30.680397748947144,6.942358933333334,13.6290975411733
3g31,3.5836453,15.03200888633728,3.5334494,13.82885766029358,3.7239118,13.621987581253052,2.7271807193756104,3.6136688333333336,14.160951375961304
4ogj,6.34834,13.913749933242798,6.226328,13.721384763717651,5.979524,13.811501264572144,12.570854902267456,6.184730666666667,13.815545320510864
3bgz,6.0360456,14.266124486923218,6.649573,13.936004161834717,6.0641565,13.59061598777771,19.44107723236084,6.249925033333334,13.930914878845215
3e92,7.3921857,15.216227531433104,8.110998,13.775601148605348,7.304501,13.60235595703125,29.761308908462524,7.602561566666668,14.198061545689901
3kr8,7.3470993,16.779869556427002,7.8787704,14.17017674446106,7.363787,13.971986293792725,26.86201572418213,7.529885566666667,14.974010864893595
2ymd,5.52584,19.712215423583984,6.767182,14.09138822555542,6.4740167,14.387358665466309,13.694573879241943,6.255679566666667,16.063654104868572
3b5r,7.5309186,14.059885025024414,7.9406514,13.770843267440796,7.3151355,13.54449987411499,53.31552863121033,7.5955685,13.7917427221934
3u9q,4.3729796,13.663569450378418,5.055156,14.401423931121826,5.297832,13.495225429534912,15.131629943847656,4.908655866666667,13.853406270345053
4abg,4.5115285,14.156294584274292,5.0847244,13.654471397399902,4.452487,13.60625696182251,5.475180149078369,4.6829133,13.805674314498901
3fcq,4.9087462,14.01286768913269,4.6514974,14.11261534690857,4.999794,13.503322839736938,8.14816951751709,4.8533458666666665,13.8762686252594
4x6p,7.3315105,13.91329550743103,7.4322686,13.868830442428589,7.0337296,13.5891215801239,43.75254464149475,7.265836233333334,13.79041584332784
2qbq,6.896531,14.008548736572266,7.0377226,14.034682750701904,6.8705,14.6338632106781,22.96530032157898,6.934917866666667,14.225698232650757
2r9w,5.340386,13.83458375930786,5.0742145,13.802823305130005,5.345843,13.496146202087402,15.09949779510498,5.253481166666666,13.711184422175089
1z95,7.91779,13.805062294006348,8.195598,14.81222414970398,8.325341,13.612734079360962,52.40266823768616,8.146243,14.07667350769043
3b68,7.603344,14.977948427200316,7.6703196,13.71899962425232,7.566323,14.022457599639893,59.30511522293091,7.6133288666666665,14.23980188369751
3fv1,6.9523206,14.053188562393188,8.144891,13.785791158676147,7.852559,14.123714208602903,29.25123167037964,7.649923533333333,13.987564643224081
3arp,5.647149,13.658390045166016,6.5993237,14.221075534820557,5.968745,13.552695751190186,26.782949924468998,6.071739233333333,13.810720443725586
3dx2,7.003418,14.186358451843262,7.5353365,14.92669677734375,6.9977956,14.68908977508545,15.10044527053833,7.178850033333333,14.600715001424154
4cra,6.7257757,13.969306468963625,7.521307,14.62762451171875,6.563972,13.530417680740356,33.43375039100647,6.937018233333333,14.042449553807577
4dli,4.5149627,14.614753484725952,5.4204454,14.934614896774292,4.8419657,14.551516056060793,11.940991163253784,4.925791266666667,14.700294812520346
4j3l,6.486086,14.059823751449583,7.160503,16.46156406402588,7.1235094,17.15420937538147,21.60707688331604,6.923366133333334,15.891865730285645
4f9w,5.651513,13.896029472351074,6.020493,13.86475706100464,5.1273127,13.68854546546936,18.986300230026245,5.5997729000000005,13.816443999608358
3qqs,5.1858172,13.693283557891846,5.526213,13.59790325164795,5.0152726,13.690197944641112,10.576993227005005,5.242434266666667,13.660461584726969
1u1b,5.4013405,14.494022130966188,6.2069955,13.723029851913452,5.66429,13.594770908355711,25.890791177749637,5.757542,13.937274297078451
1eby,8.183856,13.90768575668335,8.621078,14.592145442962646,8.607948,13.785943984985352,41.54319763183594,8.470960666666668,14.095258394877115
4qac,6.8575544,14.402259588241575,6.115523,13.686877727508543,7.114929,13.917515516281128,32.80903434753418,6.696002133333333,14.002217610677084
4ciw,4.5725904,14.287776470184326,4.268815,13.929357290267944,5.1544895,13.56572675704956,17.973194122314453,4.6652983,13.92762017250061
2qbr,7.209661,13.9868266582489,7.8711486,13.498032569885254,7.647358,14.034539222717283,20.991156816482544,7.576055866666667,13.839799483617147
4mme,5.273257,13.76702094078064,5.9861236,14.18000030517578,5.1879525,14.179568767547607,25.05674934387207,5.482444366666667,14.042196671168009
2wtv,6.927717,13.89175271987915,6.688563,14.030334234237673,6.3958054,13.565951585769652,30.43619704246521,6.670695133333333,13.829346179962158
3fv2,6.891709,13.672873735427856,8.258778,13.513620376586914,7.771598,13.36459994316101,27.953622817993164,7.640695,13.51703135172526
1bzc,5.722793,13.887130975723268,5.9098725,15.60086441040039,6.081796,13.3905827999115,17.593222856521606,5.9048205,14.292859395345053
3arq,4.5148897,13.805684804916382,4.8009825,13.724236965179443,5.6391234,14.296645641326904,15.095707893371582,4.984998533333333,13.94218913714091
3u8n,6.311498,14.14603590965271,7.315144,14.266720056533812,6.3569117,14.235508680343628,22.36470603942871,6.661184566666667,14.21608821551005
3f3a,6.3777304,14.000565528869627,7.2991576,14.45331859588623,6.4898605,14.786367654800417,21.442405700683597,6.7222495,14.41341725985209
3g0w,6.8751736,13.72458291053772,7.3033233,13.562989473342896,7.122535,14.64637017250061,37.02471971511841,7.100343966666666,13.977980852127075
4tmn,7.360207,14.262569665908812,8.508219,13.80570650100708,7.7151012,13.870832204818726,42.59080266952515,7.861175733333333,13.979702790578207
3dd0,6.306293,14.564453601837158,7.600954,14.4818377494812,6.313682,13.781862258911133,20.639020681381226,6.740309666666666,14.27605120340983
2j7h,5.534054,13.738096714019775,6.5490966,15.018710851669312,5.884692,13.428653001785278,12.994806289672852,5.989280866666667,14.061820189158121
4twp,7.1570244,13.782914161682127,7.5212674,16.122197151184082,7.0980844,13.665860891342165,27.833171606063843,7.258792066666667,14.523657401402792
3ehy,6.6067767,13.657588481903076,6.815317,13.67871379852295,6.662424,13.65150260925293,16.85575556755066,6.694839233333333,13.662601629892984
3oe4,6.365259,14.472392320632936,7.273923,14.047444343566896,6.7240987,13.761314630508425,28.54437494277954,6.787760233333334,14.093717098236086
3pww,6.012231,14.707849502563477,6.0988812,14.350858211517334,6.1055403,14.377110481262209,46.126490116119385,6.072217500000001,14.47860606511434
3zt2,5.229707,13.574096202850342,5.1977353,14.335565090179443,5.178931,13.610164880752563,8.577338933944702,5.202124433333333,13.83994205792745
3up2,6.0563445,13.801996231079102,5.960877,15.002499103546144,6.1356416,14.3849515914917,20.520188570022583,6.050954366666666,14.396482308705648
4jfs,5.523569,13.827651023864746,5.819681,13.804673910140991,5.9492054,14.1722149848938,15.537137508392334,5.7641518000000005,13.934846639633179
2xys,6.5165887,14.225309371948242,7.2559824,14.056069374084473,6.7393484,13.81469750404358,21.59688448905945,6.8373065,14.032025416692099
4ddk,5.028598,13.552109241485596,5.154788,14.013352394104004,5.451002,13.718565225601196,7.331122159957886,5.211462666666666,13.761342287063599
1s38,6.0196776,13.737950801849363,6.3578796,13.738724946975708,5.937093,13.777960300445557,11.952147960662842,6.104883399999999,13.751545349756876
1o0h,5.74066,14.18646240234375,6.3331685,14.075049877166748,5.925111,13.56668758392334,10.416897535324097,5.999646500000001,13.94273328781128
2y5h,6.886465,13.961151838302612,6.826637,13.4536292552948,6.451607,13.713147640228271,26.79227185249329,6.721569666666666,13.709309577941895
2vw5,5.830391,14.203088998794556,6.9607525,13.964365482330322,6.5933986,14.318721771240234,28.595994472503666,6.461514033333334,14.16205875078837
3oe5,8.019572,13.62330150604248,7.838165,14.16688871383667,7.5790305,14.201459407806396,32.14705777168274,7.812255833333334,13.99721654256185
3g2z,2.7340233,13.655837059020996,2.6885166,14.369981050491331,2.8066087,13.525886058807371,6.471216917037964,2.7430495333333336,13.850568056106567
1y6r,8.232821,14.086464881896973,8.255365,13.91809058189392,8.233088,14.033805131912231,26.671342134475708,8.240424666666668,14.012786865234375
2yki,6.750319,14.13983988761902,6.8286157,14.05246353149414,6.6530876,14.09607481956482,40.18896150588989,6.7440074333333335,14.096126079559326
1q8t,5.798043,13.896825551986694,6.745098,14.775866270065308,6.0800967,13.99551796913147,23.62182378768921,6.207745899999999,14.222736597061157
4de1,4.488272,13.507617473602297,4.2877064,15.821311712265016,4.741571,14.479064702987673,16.265791177749634,4.5058498,14.60266462961833
4dld,5.5428963,14.247711181640623,6.387784,13.9083514213562,6.168547,13.80756664276123,33.1085786819458,6.033075766666666,13.987876415252686
3uri,5.8027306,13.909990787506104,6.2984133,13.556182146072388,6.204313,13.604700565338137,52.94415664672852,6.1018189666666665,13.690291166305542
2xdl,5.819796,13.86742115020752,6.8978887,14.37487816810608,6.67899,13.5488543510437,15.049394369125366,6.465558233333333,13.930384556452433
2xii,6.691224,13.89249849319458,7.643182,13.793873071670532,7.266637,14.100080728530884,25.01112651824951,7.200347666666667,13.928817431131998
2wer,6.863717,13.818743228912354,6.615765,13.730916261672974,6.128208,14.210370540618896,11.901511430740356,6.535896666666667,13.920010010401407
2yfe,6.010321,13.96461033821106,5.6801,13.703914880752563,5.967042,13.965138912200928,22.209054470062256,5.885821,13.877888043721518
1g2k,8.479782,13.91301155090332,8.263061,13.82404375076294,8.182877,14.163798093795776,40.7981653213501,8.308573333333333,13.966951131820679
1e66,4.451331,15.967565059661863,4.5648503,13.900837898254396,4.6901884,15.123422861099243,29.542511463165283,4.5687899,14.997275273005167
3coy,6.49284,15.32252049446106,6.2493215,13.983545780181885,6.726677,14.578845977783203,42.36397576332092,6.489612833333333,14.62830408414205
3udh,3.8872132,13.76762866973877,4.5564537,14.009344100952148,4.3703685,13.770032405853271,12.978448629379272,4.271345133333333,13.84900172551473
1q8u,6.563965,13.778532028198242,7.059901,14.417272329330444,6.2867184,13.951336860656738,29.3429434299469,6.636861466666666,14.049047072728476
2xbv,6.8341928,14.903665781021118,7.1344643,14.2231285572052,7.0243654,13.639122247695925,38.25310659408569,6.997674166666667,14.255305528640747
4de2,4.609553,15.584532499313354,4.685346,14.988145112991331,4.696228,13.557008504867554,16.387848138809204,4.663709,14.709895372390747
1pxn,7.2137294,14.94819951057434,7.601889,16.0923912525177,6.8223925,13.709988355636597,25.485182762146,7.2126703,14.91685970624288
3twp,3.567231,18.91439747810364,3.6089814,14.456279993057253,3.7938843,14.269201040267944,3.201181650161743,3.6566989,15.879959503809614
4rfm,6.9112883,18.161015272140503,7.1395802,14.303786039352415,7.247864,14.009300947189333,28.88258457183838,7.0995775,15.491367419560751
1ydt,6.8516173,17.761295318603516,7.5788107,13.981139421463013,6.728782,13.983965396881104,40.75948429107666,7.053069999999999,15.242133378982544
3zso,4.9437594,17.884854078292847,5.464388,14.526299715042114,5.4726577,14.356812000274658,12.48837184906006,5.2936017,15.589321931203207
1nc1,7.793481,17.478219270706177,7.9933558,14.288482666015623,7.778747,14.21303367614746,28.09237003326416,7.8551946,15.326578537623087
1oyt,6.169905,18.03857040405273,6.7775755,13.949451208114624,6.54771,13.90455436706543,32.64704918861389,6.4983968333333335,15.297525326410929
1r5y,6.5848603,17.750768423080444,7.357876,13.715564250946043,6.740699,13.807216167449951,10.075708389282228,6.894478433333333,15.091182947158813
3b65,7.273185,14.222409963607788,7.628904,13.790827751159668,7.462266,13.781177520751951,46.62523579597473,7.454785,13.931471745173136
3nx7,6.902527,13.990326166152954,8.061008,13.614407062530518,7.0492525,13.741659164428713,20.13347005844116,7.337595833333334,13.782130797704061
3coz,6.3531756,14.012341260910034,6.452783,14.199074745178224,6.0861387,13.53911519050598,38.0647988319397,6.297365766666666,13.91684373219808
4llx,3.4953654,13.529956340789797,4.0293903,13.884286403656006,3.7610755,15.155106544494627,3.4478821754455566,3.7619437333333337,14.189783096313477
4de3,4.0386944,14.075750589370728,4.3510637,14.50678014755249,4.3230696,15.47129726409912,17.62452220916748,4.237609233333333,14.684609333674112
1uto,3.4632103,14.099635362625122,3.8709986,13.996488809585571,3.5261867,14.992506504058838,6.235239267349243,3.6201318666666666,14.362876892089844
1p1q,5.986009,13.810302257537842,6.8762236,13.752873420715332,6.3745613,14.42867636680603,17.458250522613525,6.412264633333334,13.997284015019735
1yc1,5.93789,13.767299890518188,6.9716864,14.658034801483154,6.4922104,14.975501537322998,27.342095136642456,6.467262266666666,14.46694540977478
2hb1,5.7195597,13.878834962844849,5.551136,14.296701431274414,5.8540306,14.452286005020142,11.16894507408142,5.7082421,14.209274133046469
4j28,5.09348,14.216095209121704,6.673733,13.850682258605955,5.9447627,13.615923404693604,13.66268539428711,5.9039919,13.894233624140421
1sqa,6.414605,13.86885666847229,6.8416142,13.935070514678957,5.8020387,14.28511905670166,22.789841890335083,6.352752633333334,14.029682079950968
3wz8,6.3522644,13.618847846984863,6.335293,13.448055505752563,5.9619207,13.711067914962769,21.012452363967896,6.2164927,13.592657089233398
3gy4,4.754477,14.107477903366089,5.2502313,13.79899764060974,4.4410944,14.40688681602478,7.299303531646728,4.815267566666667,14.104454120000204
3gbb,5.9945517,14.109668254852297,7.443165,14.089465379714966,7.213766,14.074251174926758,23.116286039352417,6.883827566666667,14.091128269831339
4lzs,4.9762554,14.0996675491333,6.2453294,27.667120695114136,5.650792,14.520719051361084,9.672170639038086,5.6241256,18.762502431869507
3kgp,3.879825,14.271225214004517,4.2529473,27.35308265686035,3.8944678,13.836368560791016,9.08956003189087,4.009080033333333,18.486892143885296
2j78,5.8573484,14.030885934829712,6.160415,27.77094006538391,6.3185906,14.255209684371948,17.33520245552063,6.112118,18.685678561528523
3gv9,4.700007,13.802494764328005,4.8026915,42.23204064369202,4.9266467,14.394481897354126,6.736587762832642,4.809781733333334,23.476339101791382
3kwa,4.0614595,13.923479795455933,4.703415,27.860153675079346,3.7855518,13.829857349395752,16.009313583374023,4.183475433333333,18.537830273310345
1nc3,6.8997374,13.54116415977478,7.547086,27.569862604141235,7.2667155,14.04938268661499,21.94165301322937,7.2378463,18.386803150177002
4pcs,5.628814,13.475010871887209,6.651625,29.962765216827396,6.198007,13.90444564819336,13.227803945541382,6.159482000000001,19.114073912302654
4j21,5.566085,13.59081768989563,6.271738,13.79944944381714,6.2367125,14.754778146743774,20.059650421142575,6.024845166666666,14.048348426818848
2wbg,6.2324977,13.890774250030518,6.637225,15.057841539382936,6.55228,13.86811590194702,35.28661584854126,6.4740009,14.272243897120157
1nvq,7.1542,14.092979907989502,7.5648613,15.20147180557251,7.075336,14.403573513031006,32.94253420829773,7.2647991,14.56600840886434
2vkm,7.5992455,13.914214611053469,8.221567,13.987582206726074,7.4776363,13.743849992752075,66.7209939956665,7.766149600000001,13.881882270177206
1lpg,7.3230042,13.933120489120483,6.9985304,13.87545657157898,7.1506114,14.131281852722168,29.15392160415649,7.157381999999999,13.979952971140543
5aba,3.6959665,13.946444272994995,3.911887,14.058873653411863,4.4945774,13.660282850265505,5.074207544326782,4.034143633333334,13.888533592224121
1mq6,7.7015295,13.648090839385986,8.224961,14.028355836868286,7.7763886,13.75713586807251,35.93925786018372,7.9009597000000005,13.81119418144226
3pxf,4.9470444,14.08553910255432,4.3928585,14.277782201766968,4.7478995,13.809137105941772,7.118842363357544,4.695934133333334,14.057486136754354
4f09,5.407091,13.889122009277344,5.9676185,14.313282489776611,5.463125,14.04231595993042,15.149588108062744,5.6126115,14.081573486328125
4gkm,4.8499985,14.06357741355896,4.7213926,13.802133798599243,5.125065,13.921865940093994,8.573914766311646,4.8988187,13.929192384084066
1z6e,7.3687997,13.875156164169312,8.537116,14.213300943374634,7.8701506,14.682273864746094,32.016759634017944,7.925355433333333,14.25691032409668
3ao4,5.15773,14.210892677307127,5.539999,14.200144052505491,5.975296,13.986485958099363,14.053496837615969,5.557675,14.132507562637327
2zy1,6.0450983,13.797359228134155,6.239541,14.472737073898315,6.919712,14.5192391872406,28.46797776222229,6.401450433333333,14.26311182975769
4eo8,7.044919,13.955670833587646,7.6493926,14.468341827392578,6.864942,13.672576189041138,25.64092373847961,7.186417866666666,14.032196283340454
4w9l,6.060919,14.00045132637024,6.1396427,13.76658821105957,5.8553104,16.488457918167114,18.98930811882019,6.0186240333333325,14.751832485198975
4gid,7.253686,14.163458347320557,7.5337925,13.915383100509644,7.358421,16.44374418258667,65.74520468711853,7.3819665,14.840861876805624
1w4o,4.331159,13.665011405944824,4.773047,13.741558074951172,4.375963,17.320842027664185,8.198978900909424,4.493389666666666,14.90913716952006
3ivg,5.5808325,14.283971309661863,5.3104887,14.036860704421995,5.7002234,16.166732788085938,30.88876461982727,5.530514866666667,14.829188267389933
3b27,4.9603124,14.142969369888306,5.2565255,13.801728010177612,4.8671007,16.987288236618042,15.984044075012209,5.027979533333334,14.977328538894653
3r88,3.6521811,14.351024627685549,4.591446,13.986539125442505,4.074666,17.257617473602295,5.316746950149536,4.1060977,15.198393742243448
3dx1,5.0701666,13.833263397216797,6.164278,13.776756048202516,5.861573,14.10328769683838,9.263745307922363,5.698672533333333,13.904435714085897
4ivb,6.9778843,14.016139030456545,7.5475397,14.444332122802734,6.7644477,15.036233186721802,22.947534322738647,7.0966239,14.49890144666036
2xnb,6.3317394,13.995018720626833,7.316755,13.933486461639404,6.173353,13.774662971496582,28.152382135391235,6.607282466666667,13.901056051254272
3tsk,7.394765,13.842314958572388,7.628889,13.906991243362429,6.7262106,13.894510746002195,30.47421193122864,7.249954866666667,13.881272315979004
2pog,7.879946,13.519687175750732,8.0633955,14.450707912445068,7.998906,15.570796251296995,21.754685163497925,7.980749166666667,14.513730446497599
4e6q,5.7446985,14.074275255203249,6.1436343,15.086080312728882,5.6200757,14.02525520324707,18.178000688552856,5.836136166666667,14.395203590393066
4ddh,6.003251,13.784913778305054,6.0518937,15.094753503799438,6.350773,14.33865451812744,9.548455953598022,6.1353059,14.406107266743978
1o5b,5.5926247,13.553117275238035,5.510862,16.10127353668213,5.2763534,14.332179307937622,10.2500102519989,5.459946700000001,14.662190039952597
4m0z,6.266288,13.768335103988647,6.8498387,14.05191731452942,6.2759542,14.27668285369873,27.03876757621765,6.464026966666666,14.0323117574056
3lka,6.0672064,14.57222294807434,6.155454,13.534541845321655,5.9974422,13.875003814697266,13.536868810653688,6.073367533333332,13.99392286936442
3l7b,4.237101,13.763561248779297,5.2528777,13.431209087371826,4.6428146,13.628281593322754,28.12885785102844,4.7109311,13.607683976491293
4ivc,7.235433,13.849262237548828,7.9306493,13.834584712982178,7.2407374,14.190006971359251,24.689481496810917,7.4689399,13.957951307296753
3u5j,4.6580577,13.729930877685549,4.7373977,13.706471681594849,4.8607125,13.91674017906189,11.083149909973145,4.752055966666666,13.784380912780762
1h22,7.430592,13.975242137908936,8.012198,14.120317935943604,7.4444532,14.394564151763916,53.672799825668335,7.629081066666667,14.163374741872152
3jvr,4.0816975,13.63707995414734,4.077449,14.111435890197754,4.4968286,13.782291173934937,7.114875316619873,4.218658366666666,13.843602339426676
4k18,6.402983,14.520092487335203,6.8170304,14.030823945999146,6.312202,13.893281698226929,50.09959936141968,6.510738466666666,14.14806604385376
3gc5,7.3375983,14.2731294631958,7.3766203,15.160455226898192,7.0216494,13.72247052192688,29.521894931793213,7.245289333333333,14.385351737340292
2vvn,6.606794,14.004862070083618,6.7194233,16.49664044380188,6.6923537,14.147289514541626,51.94541835784912,6.6728570000000005,14.882930676142374
2w66,5.47886,13.55034613609314,5.969673,13.748480558395386,5.560981,13.489551544189451,21.491578102111816,5.669838000000001,13.596126079559326
4ivd,7.344268,13.773552179336548,7.853265,14.517219305038452,6.9533134,14.43885350227356,25.04604196548462,7.383615466666666,14.243208328882853
3ozs,6.1632657,13.622149467468262,6.8713346,14.332847833633425,6.781,14.047439336776732,33.95034074783325,6.6052001,14.000812212626139
4jsz,4.538712,13.533759355545044,4.418975,13.697190046310425,4.19143,14.248767137527466,3.2418785095214844,4.383039,13.826572179794312
1h23,7.1912327,14.308995008468628,7.8755536,14.161872625350952,7.4686017,14.028035163879396,57.95869946479797,7.511796,14.166300932566324
3jvs,5.221628,13.773597240447998,6.231285,13.949270725250244,5.4825068,14.005304098129272,8.607820510864258,5.645139933333333,13.909390687942505
1owh,5.915368,14.714226007461548,6.232652,14.110742807388306,5.9059815,13.561389684677124,18.268177032470703,6.018000499999999,14.128786166508993
5a7b,5.850087,14.13287591934204,6.2915382,14.222145795822144,5.947125,13.508451700210571,7.264515399932861,6.0295834,13.954491138458252
3wtj,7.127716,14.910876989364624,7.3743443,14.88556456565857,6.820597,13.510800123214722,21.278205394744877,7.107552433333333,14.435747226079306
3k5v,5.516449,16.32597041130066,5.9438944,14.351710557937622,5.8030753,14.712250232696531,20.42909240722656,5.7544729,15.129977067311605
3ebp,5.9984674,15.753228902816772,5.9049554,13.8300518989563,6.2605987,13.40605902671814,8.549363851547241,6.054673833333333,14.329779942830404
