pdbid,t_prep_s,fold1_pred,fold2_pred,fold3_pred,fold4_pred,fold5_pred,fold6_pred,fold7_pred,fold8_pred,fold9_pred,fold10_pred,pK_predicted,t_inf_s
1p1n,0.0993690490722656,5.7409945,5.295792,5.2587123,4.829176,6.061715,5.353978,5.681308,5.3249655,5.398605,4.1498046,5.309504985809326,741.5793542861938
3rr4,0.040480613708496,5.491296,6.5519342,5.1850104,6.1041174,5.2264233,5.297905,6.6902037,6.5288177,5.078151,5.4016733,5.755553245544434,0.01827073097229
1o3f,0.0648708343505859,6.270971,6.9393578,6.751004,6.9574823,6.2428417,6.3956842,6.940141,6.8408313,7.5861993,6.642762,6.756727695465088,0.017956256866455
3ozt,0.0391724109649658,6.373955,5.563583,5.99683,6.0201163,6.0634604,5.9921637,6.3116775,6.0503497,6.040609,6.2741747,6.068691730499268,0.0178797245025634
3rsx,0.0351433753967285,5.945637,5.593861,5.9604597,4.668921,4.593071,5.770998,4.41314,5.1816363,6.9036584,5.406004,5.443738460540772,0.0178608894348144
1ydr,0.0263044834136962,6.522787,6.0052896,6.3451376,5.8967986,6.830232,6.5158362,5.821391,6.2191753,6.3806424,6.558814,6.309610366821289,0.0178637504577636
1a30,0.0344104766845703,6.183284,5.6978745,5.6794457,5.6594687,6.0294504,6.04952,5.7677484,5.6059937,4.564369,5.491247,5.672840118408203,0.0180718898773193
3b1m,0.0501043796539306,7.514074,6.354739,6.85811,7.4743786,6.051032,6.5379386,6.4803557,7.200699,6.963447,5.7536955,6.718846797943115,0.0178468227386474
3myg,0.0333006381988525,8.475338,7.773537,7.049956,8.088292,7.8597236,7.459218,6.9945474,7.763787,7.494293,7.864996,7.682369232177734,0.0177280902862548
3pyy,0.0315630435943603,7.0437484,6.5495996,6.5323715,6.966011,7.0512304,7.921463,7.20242,6.522738,5.8141212,7.0409203,6.864462375640869,0.0178244113922119
3nq9,0.0392303466796875,4.0313387,5.321344,4.5319057,2.6329706,6.67667,4.744034,6.0502315,3.2803538,3.3352895,5.02553,4.562966823577881,0.0177273750305175
3rlr,0.0219037532806396,7.9818673,8.73342,7.7691207,8.159939,7.8620405,7.5928936,7.0081635,7.1053596,8.293122,7.929079,7.84350061416626,0.0178000926971435
3prs,0.0496048927307128,6.874277,6.0625896,7.0917983,7.167599,7.0188947,6.8276534,6.940782,7.2656865,6.71016,6.3153296,6.827476501464844,0.0177979469299316
3zsx,0.096006155014038,4.0389385,2.855807,4.438027,3.8596349,3.2993803,3.6166124,3.6967258,3.818468,3.7329957,3.815828,3.717241287231445,0.0177588462829589
3ui7,0.05653977394104,8.081945,7.8286257,7.537041,6.540558,7.5299883,7.4451075,7.6166825,7.9472637,7.6992273,7.763546,7.5989990234375,0.0178313255310058
3zdg,0.0396211147308349,7.6746616,6.040374,6.1808147,6.4870954,6.536547,6.683311,5.9744587,4.8488097,5.5798726,5.776018,6.178195953369141,0.0178687572479248
4ih7,0.0388283729553222,4.516561,4.3424263,4.960702,3.83536,4.598608,3.690219,4.080362,4.9375954,4.3198996,4.788685,4.407042503356934,0.0178339481353759
4w9h,0.0421440601348876,6.5346923,5.5294423,5.62243,5.5437665,5.977902,6.4415274,5.686336,5.9636602,5.396547,5.9354343,5.863173484802246,0.0178236961364746
1syi,0.0347764492034912,6.4652762,5.7036037,5.568893,4.69276,7.221233,5.2201986,5.851458,5.644896,6.1219606,5.004506,5.749478816986084,0.0178010463714599
3cj4,0.0320706367492675,6.3396616,5.640301,5.7235746,4.530474,5.97069,6.3964677,6.3182597,5.741488,6.4784813,6.1488323,5.928822994232178,0.0178031921386718
3uuo,0.0298066139221191,7.905773,7.839242,7.114728,6.778873,6.130898,7.8793554,8.117212,8.132487,7.568239,7.8644457,7.533125877380371,0.0178265571594238
1c5z,0.0307888984680175,4.5294843,5.370825,4.388513,3.7507434,4.3589573,3.249228,3.9862857,3.5252647,3.868575,4.6076736,4.163555145263672,0.0177645683288574
2cet,0.0534632205963134,6.8219013,7.4780746,7.30152,8.110261,6.6144543,7.480091,7.020961,7.000582,7.6014266,7.5949564,7.302423000335693,0.0178074836730957
4gfm,0.0634479522705078,6.940525,6.903753,6.8579817,7.161574,7.406515,6.1801934,6.228054,6.2485495,5.990808,7.296337,6.721429347991943,0.0177512168884277
2wca,0.0276558399200439,6.709232,5.0412793,5.4185896,5.1513352,5.0224304,5.3394184,5.460187,6.312417,6.2616467,4.513152,5.522968769073486,0.0177884101867675
3uew,0.0426373481750488,5.797679,7.5183535,5.7867975,5.1422973,6.354951,6.2837296,6.233074,5.0878263,5.6196027,6.627139,6.045145034790039,0.0177948474884033
2qe4,0.0654220581054687,7.271395,6.904403,7.7223573,7.315857,7.2977343,7.6850157,6.81348,7.0679226,7.091399,6.8101425,7.197970390319824,0.0177540779113769
4f2w,0.0250673294067382,9.227585,9.721876,8.171363,8.972036,8.2789345,8.6524935,9.248005,8.997348,10.213686,9.6499605,9.11332893371582,0.0177693367004394
4w9i,0.0539968013763427,6.3582253,5.413855,5.832449,5.4751496,5.633182,6.2522655,5.73729,5.765434,5.427117,5.6386356,5.753359794616699,0.0177834033966064
3ag9,0.0633075237274169,7.1717067,7.6638403,6.89055,7.106464,7.8410134,6.468425,6.405427,6.9642816,6.845985,7.335335,7.069303035736084,0.017787218093872
2fxs,0.0284867286682128,5.940826,5.669093,5.155337,5.7688828,5.194206,4.545555,5.0879683,5.2669888,5.514733,6.116637,5.426022529602051,0.0177826881408691
5c2h,0.056248664855957,9.098981,8.73774,8.593842,8.524186,8.782301,8.431189,7.453815,8.553616,8.5760765,8.551044,8.530278205871582,0.0178143978118896
4jia,0.0273458957672119,6.9373655,6.2648735,6.8735914,7.117717,7.461,6.7401023,6.569127,7.022565,5.9184046,7.3376665,6.824240684509277,0.0177414417266845
2p4y,0.0393958091735839,7.228145,6.4217896,7.3541355,7.6632056,6.308341,6.5972366,6.6281776,7.203444,6.6229534,6.3776503,6.840507507324219,0.0178208351135253
2qnq,0.0044186115264892,7.7077,7.239093,7.511745,7.4223895,7.0555234,8.871861,8.010377,7.4343333,6.355071,6.700942,7.430903434753418,0.0177710056304931
3uex,0.0270905494689941,5.592349,7.643919,5.5567136,5.647695,6.354231,6.528949,6.4642444,4.951011,5.218089,6.220954,6.017815589904785,0.017812967300415
3e93,0.0470614433288574,7.558372,7.2224917,6.6009135,7.2723966,6.517847,7.9552994,6.7498426,7.6930118,7.7327404,7.0419025,7.234481811523437,0.0177958011627197
1k1i,0.0111963748931884,6.6293664,6.34772,6.4703794,6.3096795,6.2953186,6.2965846,7.0207896,6.6775155,6.8654914,7.0976534,6.601049900054932,0.017796516418457
4jxs,0.0224318504333496,5.2705297,4.7637706,4.9886823,5.437195,5.659347,4.453323,5.7380924,4.8329163,4.5592723,4.975107,5.067823886871338,0.0178225040435791
3ryj,0.0249526500701904,7.957116,7.8094826,7.853497,7.638591,7.735837,7.117448,7.249081,7.6436644,8.334027,7.9580107,7.72967529296875,0.017780065536499
5dwr,0.0525212287902832,9.080951,9.205461,9.013994,9.387224,9.1191,8.649866,8.478684,8.258976,9.116101,9.100614,8.9410982131958,0.0177884101867675
3gnw,0.0336434841156005,7.5716195,7.0484104,7.4444757,7.699012,7.6864567,7.792471,7.2428827,7.4138308,7.966865,7.8607283,7.572674751281738,0.0177733898162841
3mss,0.0368726253509521,6.2071223,5.3776655,5.44784,5.3692503,6.2344866,6.1535215,5.8001966,5.1440144,4.792026,4.8837547,5.540987968444824,0.0178139209747314
2wvt,0.0730512142181396,5.457711,4.0457935,5.4044805,5.08806,5.289494,4.585,5.396633,6.083839,4.267138,6.096156,5.171431064605713,0.0177507400512695
3qgy,0.0127968788146972,7.9647193,7.384572,7.6248784,7.779623,8.231536,7.005051,7.4334908,8.241342,7.608036,7.088543,7.636178493499756,0.0177531242370605
2zb1,0.0145421028137207,8.002573,7.297429,6.8376718,7.015501,6.2515044,7.3926783,6.5529566,7.198147,6.867826,7.7115717,7.112785339355469,0.0177381038665771
4f3c,0.0460803508758544,9.932659,10.715552,8.571506,9.719013,9.595907,9.321262,9.646741,9.064192,9.29313,10.130938,9.59908962249756,0.017765998840332
2brb,0.0144126415252685,6.7719283,6.3070774,6.522791,6.6975784,6.6636906,6.3642383,5.770447,6.6435013,6.417898,6.405835,6.456498622894287,0.0177490711212158
1qkt,0.1170337200164794,7.7391605,7.8930697,7.8563237,7.81889,7.146895,7.768977,6.6703153,6.4626493,6.9594717,7.0125704,7.332832336425781,0.0177819728851318
3dxg,0.0425119400024414,3.579362,4.159649,3.8686814,3.9292288,4.6782575,4.218333,4.209418,3.9130826,3.5284173,5.095833,4.118025779724121,0.0178186893463134
4w9c,0.0336360931396484,5.4449043,4.9490213,4.9111266,4.4594436,5.149995,6.0610776,5.121082,5.2687917,5.002594,5.1858463,5.155387878417969,0.0177919864654541
2al5,0.0253753662109375,5.7324634,4.9210625,5.1964626,5.068437,6.427797,4.943812,6.045506,5.1379414,5.054426,4.857953,5.33858585357666,0.0178015232086181
3uo4,0.0066418647766113,7.781451,7.8964024,6.643937,7.325356,7.690795,6.2390623,6.599553,7.6170807,7.305487,7.6707544,7.276987552642822,0.0178163051605224
4k77,0.0157942771911621,8.117584,8.683698,7.7875786,8.485526,8.366455,8.864907,8.065164,8.019206,8.276121,7.8821383,8.254837989807129,0.0178327560424804
2fvd,0.1420564651489257,7.4414296,7.3422523,6.9784894,7.5787163,7.1622624,6.3568625,7.0577054,7.570107,7.586813,7.053732,7.212837219238281,0.0177626609802246
3o9i,0.0939505100250244,9.0547495,9.694533,8.542698,8.798081,9.368008,10.558246,8.721715,8.763793,8.757834,9.146859,9.14065170288086,0.0178015232086181
3ary,0.0334541797637939,5.3981543,4.283493,4.6549573,4.8036294,3.8067944,6.821232,5.738615,5.1334214,4.6032395,5.2252216,5.046875953674316,0.0177812576293945
3n7a,0.0794835090637207,3.8490696,3.8743238,3.0211618,3.8823543,3.1975594,4.23572,4.4289355,3.367647,4.031743,4.1613865,3.804990291595459,0.0177974700927734
3e5a,0.0773231983184814,8.293145,8.192082,7.6422257,8.228562,8.160157,7.652255,7.339097,8.291309,7.44399,8.481755,7.9724578857421875,0.0177788734436035
3g2n,0.0411379337310791,4.834116,4.187844,3.748576,3.7894447,3.9803448,3.854866,4.0833306,4.751662,4.2147837,4.5255027,4.197046756744385,0.0177929401397705
4mgd,0.0420687198638916,7.0978365,6.3372116,7.0536766,6.9830213,6.883848,6.69422,6.2697563,7.1846857,7.286296,6.9390526,6.872960090637207,0.0178084373474121
4m0y,0.0537784099578857,7.3565946,7.272635,6.852936,6.65074,7.1768203,6.52552,6.0722733,7.442163,7.850355,6.6439896,6.984402656555176,0.0177259445190429
1qf1,0.032832384109497,6.787403,6.862096,6.2567983,6.351536,5.4267206,6.885001,6.155837,6.665062,6.2460093,6.6479826,6.428444862365723,0.0178084373474121
4agn,0.0795433521270752,5.0335846,4.243174,4.855622,4.550769,4.0471406,4.75435,4.9294353,4.704289,4.6314363,4.337085,4.608688354492188,0.0177686214447021
2yge,0.010575532913208,6.1852574,5.4185114,5.0979657,5.509977,6.407958,5.3147063,5.6772957,6.3484097,6.2334514,5.863468,5.805700302124023,0.0177791118621826
4kzu,0.0348567962646484,7.010743,6.679752,6.827843,6.816698,7.0146384,7.034345,6.4953094,6.915752,6.4026747,6.5094137,6.770716667175293,0.0177271366119384
4wiv,0.0334007740020751,6.9709387,6.1482625,6.6051283,6.671233,6.6566296,6.698016,5.9417696,6.169567,6.7352457,5.827525,6.442431449890137,0.0177667140960693
2wnc,0.0664076805114746,6.3064833,5.8631697,6.8814893,6.252439,5.249899,5.6394033,5.494045,4.999762,5.896556,6.39085,5.897409915924072,0.0177955627441406
4kz6,0.0400891304016113,4.8582907,3.7071667,4.5571303,3.8876991,4.3091745,4.7392726,5.1732545,3.9109561,4.3201866,4.0843043,4.354743480682373,0.0177752971649169
2zda,0.0490272045135498,7.10422,6.0625772,6.337488,6.8763776,5.847832,6.162599,6.2599907,7.6247406,6.4083343,7.3947334,6.607888698577881,0.0178327560424804
3gr2,0.009300947189331,2.5228767,3.0073423,2.7273781,3.0236764,2.7665334,2.2352705,4.3182054,3.559172,3.2258315,3.6502337,3.103652000427246,0.0177888870239257
4crc,0.028766393661499,7.795442,7.627231,7.3244014,8.326652,7.911613,8.61285,7.5014358,8.17142,7.845716,7.362301,7.847906589508057,0.0177819728851318
4e5w,0.0222694873809814,8.450042,8.175213,7.512224,7.760993,8.325681,7.7608047,8.063188,7.724402,8.231488,8.425053,8.042909622192383,0.0177574157714843
1bcu,0.0479829311370849,4.567117,4.489063,4.4356246,5.3481216,4.300325,4.587964,3.641015,5.4958606,5.5997987,4.9325514,4.739744186401367,0.0178422927856445
4hge,0.0357286930084228,7.697719,7.282665,7.2382703,7.9891825,7.8023744,7.7154493,6.921946,7.655955,7.6102843,7.7750025,7.56888484954834,0.0177984237670898
1gpk,0.0413789749145507,6.831378,6.735505,6.8622103,7.8098683,7.3774962,6.4175096,7.3487,7.220615,6.750699,7.3848095,7.073879241943359,0.0178239345550537
1vso,0.0405695438385009,5.756071,6.310662,5.9749703,5.145747,6.1846404,4.9153914,5.1657314,6.208035,4.4832945,5.7269545,5.587150096893311,0.0176999568939209
3n76,0.0396170616149902,4.694952,4.0579524,3.579743,4.5461392,3.973299,4.294553,4.7472343,3.8207288,3.867544,4.7916365,4.237378120422363,0.0178689956665039
2weg,0.0059170722961425,7.4987516,7.946387,7.4768686,6.965422,6.7812495,6.2047367,6.7346816,6.7001896,7.1842756,7.2575197,7.075007438659668,0.0177710056304931
3f3c,0.0879974365234375,4.8342133,4.4169097,4.6808133,3.7926242,3.6471183,5.120313,4.8877835,4.5597687,4.7913995,4.265561,4.499650478363037,0.0178050994873046
4cig,0.0500824451446533,5.15482,2.6829052,4.421097,4.7071543,3.5869281,4.158325,4.264922,4.4228187,4.1891313,4.3938036,4.198190212249756,0.0177741050720214
2c3i,0.031459093093872,6.671745,7.185346,6.400187,7.32956,7.2792406,7.0644608,6.923102,6.227593,6.7519593,6.5864134,6.841960906982422,0.017719030380249
2cbv,0.0671775341033935,6.7117577,6.952171,6.018599,6.4395857,5.5544767,7.4551644,5.417065,5.758273,6.077919,6.164383,6.254939556121826,0.0177700519561767
4u4s,0.0292873382568359,7.228269,5.695291,5.215931,5.982426,5.347453,3.649302,5.595685,5.4056087,6.0459137,5.0199347,5.518581867218018,0.0177342891693115
4eky,0.0747087001800537,5.08746,4.6423087,4.0244083,5.001655,4.436171,4.663226,5.2782516,4.4362893,5.248926,4.773896,4.759259223937988,0.0178735256195068
4ih5,0.041583776473999,3.9920518,4.989058,4.526409,5.0138483,4.648052,3.6043086,4.4898295,5.424209,4.918067,4.182328,4.5788164138793945,0.0177433490753173
3d4z,0.0974719524383544,4.7576704,4.187758,4.087297,3.9313726,4.3182464,4.8048925,4.331898,3.476515,5.4704866,4.6096554,4.397579193115234,0.0178003311157226
3nw9,0.0286083221435546,7.3287754,7.613146,7.970337,7.034975,6.850596,7.410227,7.107902,7.6291823,7.3349543,7.420924,7.370100975036621,0.017730712890625
4agp,0.0296058654785156,4.5323763,4.270221,5.028937,4.907872,4.156606,5.0036035,4.8315225,5.173322,4.1847,4.60046,4.668962001800537,0.0177812576293945
5c28,0.0275831222534179,5.6701436,5.6430073,5.092538,5.314824,5.5155525,5.055085,4.961572,6.2024126,5.6289616,6.160782,5.524487495422363,0.0177681446075439
3ejr,0.0253047943115234,6.4894223,7.189733,4.7592607,6.19657,6.222924,8.208534,6.923274,6.0597863,7.0762,6.3031464,6.542884826660156,0.0178339481353759
3d6q,0.0310194492340087,4.090435,3.8964572,3.960897,4.0155096,3.7518806,3.8510199,3.9338262,3.5576074,3.536777,5.041649,3.9636058807373047,0.0178179740905761
2xj7,0.063777208328247,6.4341207,6.1794806,6.675222,6.668145,7.9575834,7.8530717,5.768003,6.095394,7.092334,6.428691,6.71520471572876,0.0178248882293701
2br1,0.0386500358581543,7.450514,7.0348744,7.009626,7.17783,7.08424,7.390248,6.3080335,7.018939,6.7073865,6.864833,7.004652500152588,0.0181970596313476
4djv,0.0490920543670654,6.6055694,6.367531,6.851014,6.0439763,5.858736,7.4507775,6.622151,6.004909,6.4985924,6.5565176,6.4859771728515625,0.0178155899047851
3f3d,0.0259840488433837,5.1366367,4.3090615,4.9366245,4.1406007,3.9752495,5.3273406,5.251982,4.852952,4.947017,4.6381235,4.751558780670166,0.0178539752960205
4eor,0.0270018577575683,6.9398017,6.939679,6.5245886,7.0374336,6.895209,6.4931545,6.8085237,7.1673174,6.8336368,6.848728,6.848806858062744,0.0177810192108154
2v7a,0.0520229339599609,8.7233715,7.2220273,7.5320125,7.4615474,7.86031,7.395763,7.227309,8.049631,7.458554,7.9190884,7.684962272644043,0.0178165435791015
3ge7,0.0424768924713134,7.142624,7.5908732,6.1578584,6.3949423,6.414967,6.677056,7.056319,5.849685,6.3719835,6.5219555,6.617825984954834,0.0178451538085937
2zcq,0.0577294826507568,5.047551,5.916787,6.3155255,5.447723,5.8456264,6.547203,6.1913,6.673222,5.787271,5.4841204,5.925632476806641,0.0177700519561767
3ueu,0.0227375030517578,4.8739142,7.133509,5.510393,4.401683,5.7342396,5.7566605,5.7982097,4.021062,4.510587,5.4604025,5.320065975189209,0.0178136825561523
4agq,0.0628814697265625,5.3066945,4.555529,4.881908,5.160369,4.508407,5.2864976,4.851254,5.279957,5.1850963,4.3992496,4.9414963722229,0.0177514553070068
2wn9,0.0643916130065918,6.0207286,5.679706,6.5223293,6.083789,5.0902243,5.7674365,5.8884654,6.5388255,5.749379,6.3078747,5.9648756980896,0.0178589820861816
4cr9,0.0200839042663574,4.5778284,4.805703,4.477315,5.5043693,5.6052313,3.6494102,5.041852,5.5079217,7.137229,4.6012945,5.090815544128418,0.0177867412567138
4qd6,0.0181531906127929,8.027573,7.278676,7.7184496,8.350345,8.350521,7.8876953,7.386383,7.674214,8.345906,7.496171,7.851593017578125,0.0178103446960449
3aru,0.039940595626831,4.9406037,4.7815394,4.975907,4.3146935,3.701646,4.847001,5.8012385,4.76589,3.8922102,4.9326754,4.695340156555176,0.0178043842315673
3f3e,0.054715871810913,5.2445784,4.6470456,4.9411664,4.0863366,3.768011,5.1785407,5.5685425,4.6321917,4.85421,4.6730003,4.75936222076416,0.0178785324096679
2xb8,0.0506813526153564,4.577697,3.9385092,3.4578712,4.331915,3.9445455,4.280201,4.798121,3.9620647,4.2282133,4.9794455,4.249858379364014,0.0178830623626709
4ea2,0.0329995155334472,4.9071417,6.914548,6.5648675,6.1162252,6.2437835,6.781173,6.5016284,5.9398594,6.4751897,6.4956675,6.294007778167725,0.0178284645080566
1z9g,0.073028564453125,5.443136,4.947096,5.521189,4.946251,4.796324,5.179617,5.970259,6.0555387,4.668356,5.297406,5.282516956329346,0.0181443691253662
1ps3,0.0585732460021972,5.1971893,6.5648966,4.00176,5.6527543,4.754411,5.5413494,5.2432427,4.8887234,5.3267736,4.9525003,5.212360382080078,0.017834186553955
2w4x,0.0285084247589111,5.315844,5.974446,5.358343,4.8379283,5.8678966,6.3274097,5.135056,5.967437,5.664657,5.4164705,5.586548805236816,0.0178759098052978
4gr0,0.0113534927368164,8.462483,7.8049965,7.7907004,8.84804,8.076511,8.448063,7.6834507,8.321031,8.062488,7.821044,8.131879806518555,0.0178160667419433
2zcr,0.0238637924194335,6.534462,6.125874,6.5447764,6.2254457,6.422431,6.309838,6.641831,5.835766,5.741183,6.569932,6.295153617858887,0.0177893638610839
3uev,0.0281698703765869,5.679124,6.910501,5.444811,5.310545,6.120863,5.9836016,5.881071,4.818348,5.2759113,5.9223557,5.734713077545166,0.0177905559539794
3p5o,0.0543897151947021,6.5707035,6.271738,6.189496,6.197509,6.51087,6.1847315,5.7342763,5.997891,5.874894,5.6224365,6.11545467376709,0.0178096294403076
2x00,0.0561163425445556,8.566349,6.821887,7.3655562,7.0099454,8.736019,7.663454,7.8954873,7.248447,7.6494794,7.6931353,7.664976596832275,0.0178432464599609
2p15,0.0627243518829345,6.366829,8.176353,7.8357196,8.109835,7.714413,7.67739,7.7408667,7.328632,7.720962,7.7658157,7.64368200302124,0.017775535583496
4kzq,0.0468747615814209,6.328714,6.054568,6.4804673,6.133666,6.283645,5.8967814,5.866797,6.394607,6.0168247,6.136716,6.159278392791748,0.0177977085113525
3acw,0.0595080852508544,6.19303,5.7978506,6.2786665,5.4396653,5.960613,5.746498,6.0519876,5.61972,5.4943657,5.508239,5.80906343460083,0.0177686214447021
1gpn,0.0272839069366455,6.9696836,6.481261,7.344366,7.318603,7.5177765,6.6235414,7.356898,6.6351275,6.0778546,7.575775,6.990089416503906,0.0178041458129882
3utu,0.0412108898162841,8.653054,7.065476,7.177409,8.426042,7.662257,7.9497814,7.2419367,8.857074,8.108525,8.506466,7.964802742004394,0.0177443027496337
4bkt,0.0094606876373291,5.299152,4.4508886,4.5059733,4.1101837,4.1621394,4.4961643,4.690512,4.370237,3.3789785,3.8446207,4.33088493347168,0.0178079605102539
3u8k,0.0568208694458007,8.053834,6.505146,7.476424,6.8229914,7.8198843,7.7177563,6.576158,6.781978,6.9498687,7.7054367,7.240947723388672,0.0178041458129882
3arv,0.1035342216491699,6.014776,5.0054,5.251225,4.9695177,4.564366,6.986174,6.0115094,5.8651853,4.691165,5.8099127,5.516922950744629,0.0178248882293701
3n86,0.0728340148925781,4.962905,4.070076,3.972767,4.903619,4.7504196,4.513545,5.3746567,3.9376001,4.8787336,5.128648,4.649296760559082,0.0178203582763671
2v00,0.0688471794128418,3.674899,3.1267562,4.8919883,3.26231,3.2472556,3.5993195,3.6109893,3.396101,3.252798,3.3704336,3.5432848930358887,0.0178184509277343
2iwx,0.0500321388244628,6.2916346,5.88962,5.504711,5.663642,5.8046885,5.190372,5.364281,5.5603595,5.9271884,6.35592,5.755241870880127,0.0177817344665527
4ty7,0.0581481456756591,8.2113285,7.810928,7.9928336,8.064705,7.8053913,8.678081,8.09499,8.022431,7.645005,8.051991,8.037768363952637,0.0178101062774658
3bv9,0.0597329139709472,7.572649,5.781181,6.9165797,6.8409185,6.094899,5.2797055,6.6095753,8.092501,6.724479,8.117628,6.803011417388916,0.0179090499877929
5tmn,0.0500638484954834,6.180036,5.0221925,4.983549,5.51505,4.7382326,4.9492254,5.9368057,4.872429,5.285703,5.674492,5.315771579742432,0.0178539752960205
3fur,0.0240635871887207,6.9542203,5.989434,6.1083217,7.257627,6.84437,5.982143,6.07081,6.973832,6.7887526,6.1024046,6.50719165802002,0.0178296566009521
3syr,0.0596246719360351,3.8713484,3.9934897,3.6951578,4.3464975,3.7923129,4.166688,4.801706,4.198844,3.7890944,4.3997946,4.105493068695068,0.0178539752960205
3jya,0.0548138618469238,7.13515,7.3819156,7.020559,6.8545613,7.5451326,7.2216444,7.025567,6.5236244,6.040475,6.224471,6.89730978012085,0.0177831649780273
4owm,0.0283887386322021,3.228178,3.2253485,4.7616487,4.4648023,4.442003,4.3062234,5.695026,4.1731315,4.557784,3.934613,4.278875827789307,0.0178070068359375
2qbp,0.0541338920593261,6.1957445,5.9723268,6.2855115,6.6811266,6.183359,6.793503,6.196682,6.789862,6.664248,6.357711,6.412007808685303,0.0178287029266357
3g31,0.0545511245727539,4.4154186,4.387958,4.763271,2.1369913,3.8052924,4.229659,3.4383183,5.5192895,3.380765,5.651787,4.172874927520752,0.0178084373474121
4ogj,0.0312354564666748,6.5804043,6.0236893,6.284277,6.570152,6.71082,6.5191016,5.7363605,6.460063,6.0491567,5.967306,6.290132999420166,0.0177977085113525
3bgz,0.0644638538360595,6.185443,6.088599,6.153056,6.4199004,7.096817,6.70951,6.386088,6.0133114,5.4391317,5.536104,6.20279598236084,0.0177850723266601
3e92,0.0308864116668701,8.611625,7.8046355,7.032041,7.686506,7.1184,7.5115294,6.292481,7.9690647,7.8194165,7.838213,7.5683913230896,0.0177922248840332
3kr8,0.0440893173217773,7.395317,7.470816,7.1796947,7.817899,7.221206,7.7096624,7.2131243,7.48393,8.16854,7.1184597,7.477864742279053,0.0177781581878662
2ymd,0.0910711288452148,3.4016287,2.381286,2.9980323,5.7097244,3.0168605,3.7870789,3.5126088,3.701244,3.9689462,2.744351,3.5221760272979736,0.0178158283233642
3b5r,0.0472052097320556,8.82426,8.272054,8.801877,8.171095,8.43417,8.372756,8.171822,8.871075,8.616224,7.932749,8.446807861328125,0.0178241729736328
3u9q,0.0265557765960693,5.5361304,5.884382,4.9547043,4.282459,5.0928106,4.7416234,4.922433,4.990608,5.4563813,4.566741,5.042827606201172,0.0177743434906005
4abg,0.0471251010894775,4.4081364,3.8104615,3.43443,2.9584935,2.952279,2.8594146,4.1045227,3.8537822,4.3309517,3.8648024,3.657727479934693,0.017798900604248
3fcq,0.0516648292541503,3.1764166,3.086906,5.1649957,4.348096,3.834119,5.3001113,5.3352885,5.6656904,5.1428814,3.5947332,4.464923858642578,0.0177893638610839
4x6p,0.0055162906646728,7.7878385,7.843217,8.3106165,8.789138,7.851047,8.8225975,7.7756085,8.372069,8.037993,7.6571264,8.124725341796875,0.0177733898162841
2qbq,0.0495390892028808,6.519246,5.768221,6.2957315,6.0377874,5.8598256,6.5440044,5.5857787,6.1661277,6.259527,6.377013,6.141325950622559,0.0177893638610839
2r9w,0.0229508876800537,5.277741,4.82035,5.391804,6.0048995,5.2642465,5.6326694,5.5936747,5.296229,5.0627203,5.8951683,5.4239501953125,0.0178196430206298
1z95,0.0168895721435546,9.0678425,8.358235,8.374727,8.387066,8.368584,8.234793,8.108639,9.091343,8.476234,8.119752,8.458722114562988,0.017787218093872
3b68,0.0174903869628906,8.77832,8.226982,8.157837,7.9945145,8.581561,8.217817,8.060289,8.770196,8.22008,7.731098,8.273869514465332,0.0178298950195312
3fv1,0.0224599838256835,7.7761197,7.517979,7.4164615,7.7659726,8.594543,7.317739,7.7909575,6.4237585,6.157288,8.70695,7.54677677154541,0.0177810192108154
3arp,0.0334610939025878,7.2526455,6.073741,6.6377363,6.6011534,6.557184,8.040069,7.571034,6.653663,6.5916786,7.0239763,6.9002885818481445,0.017780065536499
3dx2,0.0332119464874267,4.5555706,4.3103914,3.98268,4.2345304,4.60766,4.5559735,5.3313255,4.27809,4.4206877,5.01233,4.528923988342285,0.0178351402282714
4cra,0.0238561630249023,7.386431,7.048346,8.112303,8.044726,7.696863,8.42408,7.842819,7.8032675,7.638858,7.0796976,7.707739353179932,0.0178449153900146
4dli,0.0180888175964355,5.55358,5.4303503,6.048249,5.065111,5.6949,4.8705435,4.441044,5.790777,6.1465974,5.3883295,5.442948341369629,0.0178449153900146
4j3l,0.0174417495727539,7.916098,7.6860943,7.2345033,7.1991677,7.2535534,6.913164,6.9232764,7.16291,7.7339835,6.7030764,7.272582054138184,0.0177724361419677
4f9w,0.0248994827270507,7.2056017,6.837934,6.743483,7.0973988,6.2236104,6.3701906,6.340809,7.537176,6.523763,7.828389,6.870835304260254,0.0177628993988037
3qqs,0.0217118263244628,4.4590425,4.4210644,5.724336,5.0279403,5.7066913,4.902983,4.7639494,4.8168187,4.9462833,4.7804165,4.954953193664551,0.0178096294403076
1u1b,0.0227384567260742,6.3630605,5.708949,4.9372153,5.3390675,6.339402,5.411578,5.627857,6.450977,5.123628,5.9142523,5.7215986251831055,0.0177869796752929
1eby,0.0267322063446044,8.774644,8.069152,9.263526,8.199271,8.078721,8.693889,8.674588,9.287798,9.2916355,9.561861,8.789507865905762,0.0177826881408691
4qac,0.0468184947967529,9.109319,7.733204,8.016961,7.7803535,8.358267,8.932998,7.8812194,8.479878,7.9996405,8.537879,8.28297233581543,0.0178449153900146
4ciw,0.0378520488739013,4.6400023,3.7992766,5.4727087,4.2986383,4.0128036,4.6449075,5.4145923,4.9320984,4.365952,4.795336,4.637631416320801,0.0178136825561523
2qbr,0.0314438343048095,5.8324366,4.9515557,5.7794027,5.3811717,4.897015,5.8457828,4.923338,5.5421696,5.7284837,5.7399673,5.462132453918457,0.0178024768829345
4mme,0.0250120162963867,6.2845664,7.0847926,6.3711033,5.863251,4.9395585,6.8461685,5.9164586,7.5360603,6.042602,6.217678,6.3102240562438965,0.0178422927856445
2wtv,0.0063533782958984,8.486735,8.305026,8.030289,7.807764,7.956758,6.434519,6.754173,8.120658,7.574752,7.9202814,7.739095211029053,0.0178031921386718
3fv2,0.0222156047821044,7.681724,7.2491817,6.869393,7.504254,8.193739,7.0337186,7.127109,6.4922147,5.9272847,7.873415,7.195203304290772,0.017859935760498
1bzc,0.0153138637542724,5.975858,5.3001947,6.4084253,5.842938,5.035245,5.0823717,5.379887,5.711805,5.3532386,6.3774548,5.646741390228272,0.0178532600402832
3arq,0.0281035900115966,5.638354,4.9259434,5.168565,5.33609,4.834148,5.3506393,6.502986,4.2173715,5.0564723,5.8499174,5.28804874420166,0.0178248882293701
3u8n,0.0533349514007568,8.366125,7.164721,7.2892194,7.60493,8.1785345,7.921049,6.6231346,7.8256426,7.234153,8.1805525,7.638806343078613,0.0178484916687011
3f3a,0.0418963432312011,4.5896254,4.228271,4.691394,4.1447606,4.4713225,5.2200046,4.8260903,4.82644,4.3632402,4.3169017,4.567805290222168,0.0178356170654296
3g0w,0.0426445007324218,9.506297,9.26051,9.106702,8.482588,8.599767,8.443553,8.0970545,8.87989,8.327632,8.2578,8.696178436279297,0.0177865028381347
4tmn,0.0454499721527099,6.28422,5.8707805,5.329182,5.34557,5.027065,5.7253575,6.361547,5.8820124,5.88819,6.278163,5.799208641052246,0.0178151130676269
3dd0,0.0329954624176025,7.876671,8.52724,7.9580026,7.6415215,7.7559037,8.111524,7.249632,7.738423,7.873982,8.012981,7.874588012695312,0.0177972316741943
2j7h,0.0285944938659667,7.696754,6.403505,5.900925,6.4931097,6.986647,6.6117506,5.7204366,5.6989393,5.7942543,5.6848345,6.2991156578063965,0.0178229808807373
4twp,0.03228759765625,8.098173,6.457917,7.442943,7.2854013,7.5879407,7.0825605,6.9276485,7.2298846,7.3437834,7.649068,7.310532569885254,0.0178134441375732
3ehy,0.0251667499542236,7.4098063,7.6507797,7.549067,7.5255785,6.6670547,7.321228,6.5499396,7.284202,7.0243096,7.287383,7.226934909820557,0.017745018005371
3oe4,0.0155684947967529,6.328658,5.655938,5.7437844,5.8625016,6.1829195,5.980463,6.1526127,6.159553,6.184118,6.523245,6.077378749847412,0.0178308486938476
3pww,0.0569338798522949,7.3772173,6.5520735,7.219759,6.6028376,6.966594,7.2816854,7.122334,7.2125463,7.5101156,6.7158165,7.056097984313965,0.0178127288818359
3zt2,0.0228712558746337,3.5748026,2.7375975,3.9727216,3.6170337,2.7681394,3.3750405,3.3523269,3.6246917,3.4831777,3.6626906,3.416821956634521,0.0177874565124511
3up2,0.0430991649627685,7.973578,7.2453327,6.7012453,7.1059227,7.1277266,5.9894915,6.138075,7.6400833,7.239571,7.4768753,7.063790321350098,0.0177760124206542
4jfs,0.021716833114624,5.7737484,5.357625,6.682592,6.518593,6.0454383,5.174037,6.3487864,6.389832,6.213122,6.8768835,6.138065814971924,0.0177814960479736
2xys,0.0503425598144531,6.1543784,6.0874777,5.6762395,6.6137,7.0826793,6.542889,5.7848434,6.617987,4.9663806,6.0830355,6.160961151123047,0.0178198814392089
4ddk,0.0244255065917968,2.7767584,3.185792,3.3784323,2.807738,3.8508794,3.2827473,3.3107612,3.5420125,4.021962,2.889423,3.3046507835388184,0.0178582668304443
1s38,0.0180869102478027,5.18375,6.0093627,6.386405,5.855377,6.583283,5.4253225,6.2209682,5.8567357,5.9884286,5.6915703,5.9201202392578125,0.0178399085998535
1o0h,0.0320496559143066,5.2324142,4.376777,4.7213025,5.354328,5.9308004,4.4060435,4.85194,5.58191,4.435746,5.732766,5.062402725219727,0.0178465843200683
2y5h,0.0303044319152832,6.739363,6.674038,6.967978,7.2294216,7.619815,7.307596,7.56106,7.0732417,6.796376,7.140852,7.110973358154297,0.017888069152832
2vw5,0.0369513034820556,6.4141297,5.1106496,4.8905926,5.683716,6.1856,5.0898957,5.1640534,5.8979306,6.6204534,6.3368473,5.739386558532715,0.0178020000457763
3oe5,0.0158288478851318,6.182801,5.622482,5.863076,6.351261,6.091986,6.107611,6.227612,6.258331,6.093134,6.355564,6.115386009216309,0.0178112983703613
3g2z,0.0499916076660156,3.2993658,3.3213646,3.7834604,2.8739507,3.9723387,2.8789773,3.8519635,3.7351127,3.8537068,2.4692726,3.4039511680603027,0.0178630352020263
1y6r,0.0193455219268798,9.206404,8.818871,8.403024,9.631992,8.56107,7.4979496,8.613932,7.434681,8.2987995,9.03063,8.549735069274902,0.0178346633911132
2yki,0.006272554397583,7.238167,7.7665257,6.6148305,6.6251903,7.1072073,7.542441,5.521936,7.0719266,7.0887017,8.035543,7.0612473487854,0.0177743434906005
1q8t,0.0989329814910888,6.7784266,5.6529956,5.873648,5.931509,5.772986,6.1267343,5.7402835,5.2262845,5.719993,6.083086,5.890594482421875,0.0178678035736084
4de1,0.035555362701416,6.3660893,4.6614537,4.979541,5.078932,5.3995857,5.6056323,4.6901455,4.096825,5.6462584,3.997947,5.052241325378418,0.0177583694458007
4dld,0.0746614933013916,6.788254,6.9286795,6.479888,6.1726956,7.8834763,5.4544888,6.1539083,6.328894,4.8696885,5.9809275,6.304090023040772,0.0180592536926269
3uri,0.0199236869812011,7.2553124,6.526732,7.8431077,6.458364,7.2198467,7.1093397,6.7907863,6.7844167,6.959108,7.3344154,7.028143405914307,0.0178234577178955
2xdl,0.0396733283996582,5.6805124,4.6808305,5.075156,4.436849,3.5663793,4.4200397,4.6107755,5.0070896,5.0747304,5.044834,4.759719371795654,0.0177638530731201
2xii,0.0418109893798828,7.7646422,7.7917967,7.61323,7.767388,8.090924,6.6090217,7.2460775,7.2015133,6.826392,7.711564,7.462255001068115,0.017820119857788
2wer,0.0296213626861572,7.4889784,4.870412,5.946941,6.368206,5.216505,7.259881,5.540695,5.6519313,6.2037044,6.6487665,6.119602203369141,0.0177774429321289
2yfe,0.023599624633789,5.86229,5.496999,6.5649543,5.7730007,6.587702,4.7874484,6.402694,6.72823,5.699088,6.151248,6.00536584854126,0.0177919864654541
1g2k,0.0064804553985595,8.166288,7.1336384,7.756561,7.4852853,7.7183948,8.652118,7.6965294,7.6712914,6.7602167,8.418024,7.7458343505859375,0.0177366733551025
1e66,0.0221641063690185,6.559901,6.668428,7.4406557,7.904936,7.5614686,7.6877337,6.52254,7.624527,7.4686875,7.0941916,7.25330638885498,0.017822265625
3coy,0.0608491897583007,5.8941607,6.3299108,4.970338,6.244162,5.3791184,6.644109,6.0627313,6.4270997,6.8794274,6.0914116,6.092247009277344,0.0177831649780273
3udh,0.0423190593719482,3.5161026,3.2918522,3.575218,3.2875397,3.1601272,3.550572,3.777612,3.040174,3.3202183,3.7753959,3.429481029510498,0.017801284790039
1q8u,0.0242817401885986,7.233664,7.0163665,6.379159,6.1971474,6.6008754,6.887036,5.979892,6.461904,7.2571917,6.791171,6.680440425872803,0.0177500247955322
2xbv,0.0180068016052246,7.904571,7.754221,7.3772955,8.34835,8.202914,8.407649,7.771697,8.344325,7.7120867,7.3309755,7.915409088134766,0.0178325176239013
4de2,0.0240352153778076,7.190178,4.7761483,5.2332053,5.2539353,5.6606584,6.171467,4.9589977,4.9989614,5.7706847,4.729781,5.474401950836182,0.0178072452545166
1pxn,0.0150306224822998,6.267528,6.268118,6.272275,6.4532614,5.966617,5.3341923,6.2738366,6.64028,5.9317374,6.284527,6.1692376136779785,0.0177772045135498
3twp,0.040708303451538,3.380691,3.3082025,5.0415435,4.331207,4.7145796,4.484122,4.91482,4.1982145,4.663081,3.5867963,4.262325763702393,0.0178503990173339
4rfm,0.0284841060638427,8.029928,8.088698,7.907351,8.465783,8.723169,7.9918365,8.408741,7.8747334,8.619431,7.9416323,8.205130577087402,0.0177240371704101
1ydt,0.030714988708496,6.646304,6.9746666,6.5492225,6.7479334,7.5440784,6.311213,6.180369,6.5706587,6.399533,6.9573717,6.688135623931885,0.0177769660949707
3zso,0.0361115932464599,5.309683,3.4677808,4.6505103,4.89065,4.0279884,4.540896,4.655721,4.7473116,4.641521,4.2069244,4.513898849487305,0.0177743434906005
1nc1,0.033588171005249,9.235431,8.263916,7.56253,8.973973,7.1734395,6.6370325,7.7525654,6.842776,7.453301,8.137947,7.803291320800781,0.0177984237670898
1oyt,0.0266721248626709,7.8870625,6.0987525,6.5391016,6.4992495,6.028445,6.355102,6.405533,8.108072,6.801471,7.913603,6.863638877868652,0.0178377628326416
1r5y,0.0230052471160888,5.7894154,6.319258,6.011545,5.2619443,6.771261,5.383961,5.7998757,5.1957035,5.5697336,5.9036045,5.80063009262085,0.0177905559539794
3b65,0.020920991897583,8.447551,8.478146,8.522397,8.006771,8.41571,8.508324,8.140687,8.912826,8.442727,7.924655,8.379979133605957,0.0177576541900634
3nx7,0.0118739604949951,8.441299,8.453832,8.565039,8.333628,7.400129,7.470235,7.829808,8.01898,7.2695084,7.5978394,7.938029289245605,0.0177538394927978
3coz,0.0174903869628906,4.392597,4.8297772,5.012869,5.4615602,4.8872504,4.9275937,5.3765926,4.688321,5.084189,5.050271,4.971102237701416,0.0177688598632812
4llx,0.0199067592620849,3.2927823,2.804231,2.604452,2.2332954,2.0865188,2.2563925,3.5967464,2.7900755,3.44189,2.792201,2.78985857963562,0.017754316329956
4de3,0.0368402004241943,7.108133,4.589128,5.226035,5.15158,5.6568265,5.953789,4.7807307,5.451175,4.9025226,4.6499805,5.34699010848999,0.0177769660949707
1uto,0.0042290687561035,2.6202152,3.4845521,3.0946648,2.858399,2.8579736,2.6665387,3.9509718,3.0760434,3.1849139,2.5256166,3.031988859176636,0.0177478790283203
1p1q,0.0299587249755859,5.386059,5.3701854,4.694952,4.851514,6.2606044,5.5094004,6.243769,5.5161724,5.016365,4.3775163,5.322653770446777,0.0177764892578125
1yc1,0.0242536067962646,6.725732,6.401859,6.7539935,6.254912,5.417503,6.218964,5.8301616,7.253377,6.5284457,6.8560295,6.424098014831543,0.0177960395812988
2hb1,0.0451092720031738,5.1019645,4.244918,4.923207,3.5349054,3.2519574,4.6420383,4.5260572,4.3466535,4.5740724,4.682434,4.3828206062316895,0.0177772045135498
4j28,0.0212118625640869,7.3939657,7.3667755,7.5281367,7.07226,7.442106,5.945002,6.0923834,6.775281,6.516751,7.57137,6.97040319442749,0.0177910327911376
1sqa,0.0208580493927001,6.774228,7.526684,6.9937234,7.0854964,6.954221,7.017655,6.3073854,7.090609,7.235237,7.058957,7.004419803619385,0.0178096294403076
3wz8,0.0142593383789062,5.893893,4.53828,6.0529695,5.2187285,5.528196,5.878499,4.966539,4.9804564,5.326771,5.0492897,5.343361854553223,0.0177752971649169
3gy4,0.0399534702301025,4.388951,4.47485,4.875488,3.4523957,3.814679,3.9338312,4.371178,4.122421,4.527444,3.9922576,4.195349216461182,0.0178077220916748
3gbb,0.0115902423858642,7.6440663,7.148265,7.289475,7.221894,8.536451,6.8507037,7.446642,6.270857,5.644469,7.2502327,7.130305290222168,0.0177271366119384
4lzs,0.0033760070800781,5.36598,4.759452,4.8858495,4.7980895,5.41634,5.0801663,4.5371323,4.716799,4.718925,4.468886,4.874762058258057,0.0177316665649414
3kgp,0.0039939880371093,3.969633,3.9468625,3.0995934,2.7689297,3.455515,2.2440677,3.6805854,2.8789537,2.7821403,3.6045732,3.2430853843688965,0.0177481174468994
2j78,0.033398151397705,5.7528453,5.523917,5.0697737,5.3292675,5.909373,5.0860553,5.225248,5.5598493,4.662271,5.3151045,5.343369960784912,0.017791748046875
3gv9,0.0204110145568847,3.3341196,3.3615813,4.226389,3.1090953,3.3832426,3.477209,3.9716625,3.2370443,3.0624318,3.0350688,3.419784545898437,0.0178203582763671
3kwa,0.080029010772705,6.0099487,4.690607,5.924113,3.8402817,5.1125865,6.248801,5.0872393,3.9597564,3.434884,5.175045,4.948326110839844,0.0177335739135742
1nc3,0.0193860530853271,8.280905,7.3895435,6.872511,6.5628104,6.386673,4.8823047,6.9504943,6.884991,7.7145395,7.8325014,6.975727081298828,0.0177783966064453
4pcs,0.0273926258087158,6.4558587,5.4639277,6.659854,6.847851,6.5135355,6.923305,6.705089,6.161271,6.298938,7.6329594,6.566258907318115,0.0177798271179199
4j21,0.019606590270996,7.429204,7.118865,6.891164,7.0542274,7.1161165,6.1893826,6.441317,7.033644,7.1228676,6.6579504,6.905474185943604,0.0177903175354003
2wbg,0.0731048583984375,4.945217,6.4417124,5.5570807,6.5634394,5.51559,6.4904237,6.0489717,5.1614065,5.222593,5.4657717,5.741220951080322,0.0177819728851318
1nvq,0.0323896408081054,7.7306185,8.467211,7.983011,8.104814,7.639605,7.788342,7.379578,8.10362,8.357526,8.444664,7.999899387359619,0.0177900791168212
2vkm,0.0694286823272705,8.250825,7.6654396,7.363288,8.037258,7.836395,7.7651834,7.6252365,7.322814,7.797772,7.7076635,7.73718786239624,0.0177173614501953
1lpg,0.0049538612365722,7.7003756,7.8334317,7.740369,8.054676,8.066134,7.8029194,7.6105914,7.664942,7.706608,7.3702354,7.755029201507568,0.0177345275878906
5aba,0.0265517234802246,4.6940775,4.004274,4.11214,4.098204,3.2063222,4.733141,4.7028213,4.33867,3.3771892,4.3867064,4.1653547286987305,0.0177526473999023
1mq6,0.043729543685913,7.9908943,8.484487,7.5368657,8.531035,8.276321,7.956911,7.802139,8.859924,8.088482,8.024176,8.155122756958008,0.0177950859069824
3pxf,0.0117101669311523,5.719766,5.905659,4.781361,4.40457,4.6093745,4.7379127,5.291405,4.7470584,3.7682333,4.435334,4.840067863464356,0.0177760124206542
4f09,0.0123207569122314,6.7594023,7.233004,6.5300603,7.2885547,7.2395983,7.0915337,6.5413475,6.6622915,6.1193047,6.9866247,6.845171928405762,0.0177922248840332
4gkm,0.0178394317626953,4.275367,3.7876203,5.1659603,5.221628,4.5775976,5.1841063,5.4175396,4.637501,5.113736,4.4237003,4.780475616455078,0.0178110599517822
1z6e,0.0052828788757324,8.465504,8.840937,7.4772243,8.629413,8.255973,8.07222,8.034134,8.469323,7.9945545,7.8209286,8.206021308898926,0.0177912712097167
3ao4,0.0299513339996337,4.1819615,2.7042809,3.2904608,3.1823838,3.07063,3.810526,2.9301493,3.0996044,2.6830447,3.2593248,3.22123646736145,0.0178279876708984
2zy1,0.0282638072967529,5.7980814,5.8100543,6.1617417,5.7169876,6.352252,6.1620374,6.302752,5.8767176,5.5339055,5.748661,5.946318626403809,0.0177359580993652
4eo8,0.0128500461578369,8.107782,6.632896,6.769626,6.9356117,6.8056145,7.137527,7.0712276,6.59098,6.449966,7.1041403,6.960537910461426,0.0177733898162841
4w9l,0.0429854393005371,7.3126855,5.8884115,6.173691,5.938581,6.4507065,6.9249916,6.2237635,6.469239,6.169905,6.223465,6.377543926239014,0.0177412033081054
4gid,0.0299823284149169,8.363497,7.4170094,7.783445,8.23296,7.993355,8.01589,7.5203238,7.5489874,8.629167,8.000042,7.95046854019165,0.0177726745605468
1w4o,0.0173256397247314,4.7566595,4.446613,4.318132,4.339697,4.8935266,4.393746,4.645059,4.813438,4.2365117,5.3749523,4.621832847595215,0.0177597999572753
3ivg,0.0554680824279785,5.621734,5.7191644,4.5548677,5.9287934,4.6982546,5.6037374,5.881811,5.1153455,5.69545,4.6603928,5.347954750061035,0.0177395343780517
3b27,0.0046195983886718,5.4547787,6.9347153,5.5575013,5.412683,4.811138,5.0139112,5.126062,5.912394,6.3724585,6.5144186,5.711006164550781,0.0177876949310302
3r88,0.0180091857910156,3.4635677,2.7975442,4.1567717,3.9677913,4.4433417,3.2011142,4.8088913,3.5595746,4.535099,3.832065,3.87657618522644,0.0177998542785644
3dx1,0.0303928852081298,4.6388593,4.1187134,3.4568362,3.4893672,4.656493,4.8055677,5.7259874,4.858374,3.9431484,4.700577,4.439392566680908,0.0178062915802001
4ivb,0.0228781700134277,8.739326,9.127679,9.22394,8.8984,9.383404,8.872668,8.995219,8.734759,9.0821295,9.024064,9.008158683776855,0.017787218093872
2xnb,0.0325322151184082,6.244774,6.7741566,6.667233,7.0448,6.523011,6.6816306,6.094273,6.687195,6.7737174,6.4121656,6.590295314788818,0.0177464485168457
3tsk,0.004298448562622,8.213524,7.3962846,7.325308,7.839107,7.6433806,7.6144853,6.7384524,7.5519724,7.4499288,7.661474,7.543392181396484,0.0177419185638427
2pog,0.0156712532043457,7.5365286,7.674118,8.000521,7.44697,7.307761,7.9610677,7.442191,7.302895,7.485429,7.789195,7.594666957855225,0.0178165435791015
4e6q,0.0423729419708251,7.8964376,7.6990705,7.759842,7.509803,8.100639,7.804749,6.72727,7.3440323,7.2385397,7.579712,7.566009521484375,0.0177638530731201
4ddh,0.0882279872894287,3.3321264,3.0745912,4.203181,3.324268,2.6118996,2.9166794,4.0458765,3.51518,4.0538006,3.0064464,3.40840482711792,0.0178115367889404
1o5b,0.0660393238067627,5.9149127,6.215727,5.9407244,4.6960807,5.150728,5.8902307,5.02966,4.783759,4.8260236,5.1965017,5.364435195922852,0.0177853107452392
4m0z,0.0583517551422119,7.2706356,6.650569,6.7074075,6.7718334,6.557553,6.221017,6.661408,6.9125266,6.397227,5.97843,6.612860679626465,0.0177206993103027
3lka,0.0225393772125244,6.883738,6.5228953,7.1340313,7.5731554,5.5283656,5.5402403,5.757586,6.547361,6.1606164,6.322028,6.397002220153809,0.0178170204162597
3l7b,0.0481293201446533,3.275295,3.8467968,3.6543748,3.9338846,3.8198886,3.7434893,4.0219088,3.6335528,3.6354437,3.940938,3.750556945800781,0.0178375244140625
4ivc,0.0694067478179931,8.690944,9.213528,9.102872,8.867406,9.384718,8.7572975,8.96381,8.758168,9.024454,9.129101,8.989230155944824,0.017820119857788
3u5j,0.0232055187225341,5.641848,5.6850157,5.7613506,5.674982,6.0836487,5.5494385,5.2593937,5.5260854,6.002134,5.14793,5.633182525634766,0.0177862644195556
1h22,0.0860328674316406,7.2223167,7.254368,7.481548,6.7029066,7.724489,7.9648404,7.512652,7.4327245,8.092259,8.142304,7.553040981292725,0.017874002456665
3jvr,0.0244462490081787,5.1991367,5.7701693,5.9527946,5.7657056,6.1764846,6.329933,5.3942366,5.935081,6.0176764,5.4379053,5.797912120819092,0.017806053161621
4k18,0.0504791736602783,8.662269,8.292948,8.5290365,8.318241,8.616991,8.580959,8.198645,7.745707,8.495089,7.653063,8.309293746948242,0.0177466869354248
3gc5,0.0201640129089355,6.135653,6.420402,5.961057,5.756848,5.34836,5.7655454,6.7389884,6.5954165,6.0982113,5.6698227,6.049030303955078,0.0177884101867675
2vvn,0.0879004001617431,6.830841,5.603196,6.0156126,4.8365445,5.4944906,5.06648,5.547877,6.3018994,6.34831,5.974801,5.802004814147949,0.017801284790039
2w66,0.0241987705230712,5.8822694,5.3580804,5.3080134,4.7734184,5.4091554,5.013424,5.783321,6.2890825,6.1586595,4.9055557,5.488097667694092,0.0178232192993164
4ivd,0.0165355205535888,8.601655,9.362261,9.143108,8.859176,9.365864,8.703878,8.80778,8.790865,8.861574,8.932989,8.942914962768555,0.0177569389343261
3ozs,0.0172891616821289,6.654751,6.550975,6.229986,6.447676,7.421923,7.0883875,6.604069,6.368656,5.7988253,6.563508,6.572875022888184,0.0177769660949707
4jsz,0.0225188732147216,7.7764096,6.506491,6.6641884,6.5057497,6.2573853,6.162555,5.934009,6.249436,7.079335,6.8143396,6.594989776611328,0.0177092552185058
1h23,0.0244438648223876,7.2667828,7.386096,7.5618787,6.8104496,7.846774,7.959827,7.3829184,7.3228364,7.9563055,8.152264,7.564613342285156,0.0177876949310302
3jvs,0.0309338569641113,5.5538244,6.2733264,6.390527,5.9222627,6.480419,6.905463,5.9565096,5.949447,6.35958,5.580495,6.137185096740723,0.0177562236785888
1owh,0.0157866477966308,6.121146,5.7337255,6.0526223,5.8956404,5.612918,5.9272466,5.5552597,6.4119973,6.464979,5.978221,5.975375652313232,0.017780065536499
5a7b,0.0085129737854003,5.0168424,4.5389023,5.064678,4.955701,4.3351583,4.9700327,4.933167,5.029689,4.6471033,4.6066227,4.809789180755615,0.0177953243255615
3wtj,0.0180907249450683,7.7811213,7.0353284,6.747354,7.3396044,6.7952642,7.508046,6.0931673,6.5290675,7.338197,7.0303955,7.019753932952881,0.017824649810791
3k5v,0.056922435760498,7.0362782,5.7393503,6.457265,6.6862845,6.604028,6.4709997,6.2408447,6.6506877,6.0508976,6.6520205,6.458866119384766,0.0178117752075195
3ebp,0.0434110164642334,6.0665445,4.613259,4.7015243,6.4246736,5.109565,5.216584,5.8394775,5.1855907,5.6551385,5.478628,5.429098606109619,0.0178658962249755
